cookie_id,score
ck_315fb710a0e371e7,0.02562308066421607
ck_a76ee3b3e3e522fd,0.49660956084051927
ck_94c9a4d382689e82,0.15413084353448933
ck_8eaf9509ad9462a0,0.06304207882975493
ck_9a88a5a989cb5bc6,0.09738437765415138
ck_15239ef0689c1a35,0.09793671690037083
ck_8de69cd219d3b87f,0.6838603571630858
ck_f92cd37022b0ce21,0.09051587484254613
ck_1a3ff7620580a514,0.05156980543721313
ck_397c03aa33a57310,0.7117333705550262
ck_a7cf6c3b322f6b7a,0.15994552350967803
ck_c39a9e75760e3201,0.01882390329556685
ck_88ab6d245228c38e,0.010825140136801472
ck_17733f75ebdea93e,0.027054045492969563
ck_58eb871e8d7bed52,0.07655371079930239
ck_e55b7fa67db1ec27,0.017423151942828605
ck_62f5cfe22c952694,0.08202840891212466
ck_7fbb709a0fe95759,0.04632527360147069
ck_87abe9cd066a20fb,0.2810447153810101
ck_d58e058b5c553dd5,0.11058807960131155
ck_d27b872648b71202,0.13874625027327084
ck_4b4a3c5b95c55b43,0.0108234684837147
ck_66dd4f4b4127256d,0.13760882240593636
ck_93cc12703b500613,0.21122774956466675
ck_d28806a2179092eb,0.9995108922207533
ck_0595c2a0c7881e05,0.1257114925506806
ck_50087d8666191144,0.6566620259730059
ck_b08b3f089138c901,0.132171288742161
ck_fe3b67041dad2dd1,0.027182708493428073
ck_8449a28f7d475d93,0.15957457622721186
ck_8642e3b6d84f49d3,0.17345203951736687
ck_e49b5e4f2f2e79db,0.6965868811374701
ck_437afe412ea4259c,0.49040196288880245
ck_569b83668d74042d,0.7727408778383775
ck_233a487d31c3e631,0.9968776059151689
ck_1fca72e03143a645,0.9445946136368087
ck_79205e31223df2ad,0.20169509122744603
ck_9625a64406ea16e3,0.11646302576197426
ck_079bd18dacb704a8,0.5132728143946933
ck_4db6d4fd2b49aa81,0.24787815363901552
ck_0dbefdac0a1868fb,0.015952618680541448
ck_24ff97ad90bdd69a,0.18574057854550488
ck_77f8c5042065d506,0.06252144256256806
ck_f11be8ce05382cec,0.020715926300667317
ck_c9d72140b0389216,0.1599885243259021
ck_69eda24e931fb36a,0.037894870621035914
ck_ed471e496916ee15,0.10714157242368307
ck_ff090498c4b17ac3,0.06434929310247846
ck_c3c19d6a0720915c,0.008962569560405767
ck_af02e1817cfa40b5,0.1384317095465668
ck_2df5a9fc87553eb1,0.19111277555630513
ck_4ac918e884cff336,0.20583008490924096
ck_ca149244b54ef3ad,0.05523014215802594
ck_6babe5b8674ff51f,0.1782076490221114
ck_1573878386886290,0.05968451613661749
ck_3925f8565abb7fe4,0.02600612200164758
ck_c4de808ae69c771f,0.025150179854729345
ck_a777c813551281fe,0.1129899548080149
ck_df4424f6dd85080d,0.1989159130895139
ck_85e5494ec20383ae,0.14222675078002558
ck_f71a4094e889c3af,0.03702052682936948
ck_f2f3cf9cd23b2809,0.22341637127046038
ck_18e2076397bcc211,0.13449823218345386
ck_c9f9fddef39bc664,0.2010667109655998
ck_7e826e233d6ea028,0.05373307277777548
ck_62fd7eb46bee9210,0.07768187838270006
ck_206f8e3cd72768f3,0.26649666304631964
ck_aa295a11b0a6ab36,0.0852236358514703
ck_9a56739d81f84a53,0.045561596707013416
ck_aa075c418ed9fe5a,0.1846880908973976
ck_62b9fb3db284941b,0.039495714586028435
ck_f4f83b1403ebea46,0.11065671281085623
ck_16b66bd803288bc3,0.6416114837315939
ck_c4ca1434f3778f1d,0.9703409966452566
ck_1b823610371a29c0,0.09160112462205472
ck_c2bd5a722aa637d9,0.13104327098325935
ck_7890208951df34f0,0.10551788954982227
ck_020eb0e454524ecd,0.046241180859032956
ck_3b66196ccf436c35,0.17193371498085103
ck_109fc467ec0a4af5,0.5755712801823082
ck_f3dcd818db92de7b,0.0972013626250148
ck_31e7742f160980ef,0.14251782790638087
ck_77fce5f86f00b8f4,0.7782548478538606
ck_46bc797b4d07d607,0.05016769826529457
ck_37899b1b571b1c6b,0.12038922947296576
ck_ef8a6af43fedd464,0.01673977123588847
ck_bcc8519fe8521038,0.10096851155421746
ck_90696b7182dd9129,0.10575636909442178
ck_4a24ad61d017e1ba,0.20775752314240808
ck_0acc3d8c67218b9d,0.02728757710073654
ck_05c97fc9de11aba6,0.4303229241998379
ck_f8ac3a0500c0ec62,0.11212562705321852
ck_617b65141f546a1c,0.09822807513505104
ck_9d00823bf60388d7,0.2771035554107045
ck_123c15d93f1840f2,0.5847304232143709
ck_573feefba6bf78bb,0.1808330523736477
ck_b25657bd16739036,0.04869360976711181
ck_bd26d2bef14a8597,0.12319408363935287
ck_a553418f2fba1440,0.0963681139986384
ck_89f3e380b0686963,0.08839076229197866
ck_b359192aa659bdce,0.34591524208981783
ck_02241f3dc301bebf,0.09257857970409028
ck_5ccc1a1c78cb33ee,0.27466705416810777
ck_349cc5edda1b8853,0.2205751131485824
ck_e9f228845bf6e28b,0.3120109697289387
ck_0a45d033d4e280ea,0.19785113848407251
ck_7e63168dda612235,0.04752361974555879
ck_676fa5f6aae5475b,0.04774208847382154
ck_74b502b20690ccfe,0.07254283053289366
ck_073509af21dd7f5f,0.6186366101017998
ck_498a0acd450944d8,0.00889298495564277
ck_7f15b50b29dead01,0.1334220614529302
ck_8089fe7403c5f537,0.15948547924087064
ck_05b2b04e11d9ae9c,0.1921121959482553
ck_31e70f2f04b48b88,0.004146608908562198
ck_994316fa5a02b319,0.03188288097476857
ck_b76510998b9a2260,0.15256948557727787
ck_4db95c310e105d30,0.04897227499407856
ck_6f730b77dc6cdb84,0.06015583520362258
ck_2493ee8e7b91d304,0.16090636611722592
ck_92d679d6ac7dcdcb,0.560044477658702
ck_3a0e0200cbb185cb,0.3266626147651392
ck_0b2eeb4e00ff7955,0.1567552198510932
ck_9843d0e61c37ebe8,0.9990849344571198
ck_e61c8721e3ef1921,0.07639132856317896
ck_2e0eedaaf2980c2c,0.08636913324329251
ck_9036b2e5e9298a34,0.07415412956049153
ck_3265442528d51728,0.09118162043397265
ck_f2ddae2eb1cb29b4,0.042916540318536284
ck_6cfa71d27fc27f92,0.07086117079361318
ck_f3199fbe84a28b9a,0.4067224215552462
ck_b78d785ca3ef773a,0.058284970231473505
ck_374865697f1480eb,0.1422848213015177
ck_06d0e4a9189302a9,0.15844890148467297
ck_9c9884b9bcaa552e,0.5108746041186456
ck_fd4cf578e87703ff,0.20285866615545978
ck_1917ef3e6e345549,0.3280170013126187
ck_e70418b00cbbbac9,0.39154953650685115
ck_a60388296a47062c,0.18902783348727736
ck_d598fe8d2c779ab9,0.030865288257486086
ck_646dc03de4c31803,0.916013606569095
ck_e4fd8cbd842b6993,0.01786646539787144
ck_2225b555aa2a42ed,0.18169584736607516
ck_6be8ae9d78148882,0.11292867244948943
ck_4199342d3aca74e8,0.19265065284304342
ck_779581adb573261f,0.16065706575605318
ck_bb303568b6915205,0.6098486494903159
ck_17c4296276448afe,0.0644399962167442
ck_a60a61ac829252a0,0.06359787261805797
ck_6ea70950c1cae00b,0.6029409627653844
ck_1abb93f6924645e1,0.19765552311239445
ck_faab769cce19879a,0.20127096337374292
ck_d5b8e74e7ca6355a,0.08593936122077463
ck_f11f7691af16ad07,0.012199056438541423
ck_188fdf2be7c92e9d,0.9908836680710068
ck_4a103f8254b366f7,0.05831688205460648
ck_bfa17a0b1760e616,0.028919363349245417
ck_a4d7f6a5869d440a,0.9077262661825598
ck_58e20f5a3e7f11b8,0.9176038156785632
ck_4becdd3d2696c7ba,0.13927323106515627
ck_dad5cf32ab9f243f,0.08238180473303204
ck_7d9f73dc7c4f90c3,0.39928701369711184
ck_c19371047a2d011d,0.0458755958314783
ck_247589ff532f7aa8,0.08026395813310946
ck_7a9f241d5f082567,0.019908753511699573
ck_0a2b7078736b4dda,0.08406533422268322
ck_687b412e2aac7eb6,0.10861111750430612
ck_fce0b6855886a0b8,0.09785352895241933
ck_e291cc60920456d0,0.48021801027839034
ck_04219a7ea798db51,0.2938248770584032
ck_286bfd719836e9f3,0.40240035283677683
ck_55efc92394fee232,0.10041165436934912
ck_e36c8da1bd359960,0.20274722138772883
ck_34b0988a97d96902,0.07533575229176345
ck_e0fb11fc9dcb34e6,0.1218239584254957
ck_bcc9cbc9ed8b7c31,0.05722268702489381
ck_3df8da6f60a89a5b,0.20098631484763604
ck_b1495ee5c59a6b28,0.12795120863870746
ck_58f4c3ac61fda129,0.19573870049685912
ck_735f244b99e3aa8d,0.171442845563546
ck_6b93bd8abf87b1d6,0.8811583855312342
ck_12107dacc6d05bd1,0.05417463414676924
ck_f96db2a1f3448d1f,0.16776979389063407
ck_8fd91a3c99e19097,0.12251730709599101
ck_910205d25388a0ae,0.036277180712734086
ck_d229dfa0e4442628,0.03034790603809329
ck_7cdec61e1c488798,0.49824041861250584
ck_f66f06e24ff32671,0.1614036659403115
ck_350bf14e90b503f5,0.11141778375337327
ck_61fff5fdaadd394b,0.10201336493379658
ck_e934f984bad2ff91,0.5144782278347024
ck_ff6a6d3547dd2d37,0.14595509875300852
ck_65ad9b15979e3247,0.10904755555165464
ck_bbe1a2ea5a403ad8,0.7501837921514469
ck_6f3a28eecd2c4031,0.06251847117134263
ck_a89b66665714058f,0.10412381974731885
ck_918c92182b6817cd,0.13568400970361713
ck_64f5eb4be9e7b8fa,0.3890012207451733
ck_d021fd497ea35fb2,0.15637233936845335
ck_004de16f7d8a42ae,0.1810962258590099
ck_a33d2325f86ab12d,0.05838471031707404
ck_89790ff26c844bc6,0.16058017444195333
ck_e6e7257377c37b28,0.28765482223459926
ck_a2cc3910a641a808,0.5941447618564234
ck_646e270e0195bf05,0.10172716347948904
ck_baba5d66def0d770,0.29533750612133314
ck_67cdcdda3033842d,0.06933607819245463
ck_b5c3075c811a2216,0.19922584703412763
ck_515379973a8044b8,0.060302910649663366
ck_c0ce85fb4109567d,0.10006814558635659
ck_fef850553862aaca,0.0068921268153915305
ck_55d7217b0aff9fa2,0.11626780098117258
ck_8e139f8925ef7968,0.0541461991148886
ck_9e35b908fca1e4d7,0.03374818319093217
ck_59735f4ab2ad3da5,0.10693214658128852
ck_dc569c1167ccec0d,0.7031889691718354
ck_1dade5592f90a15c,0.20872993994959452
ck_793048d11fb8b328,0.6076475176568447
ck_545b71eb4fa594b5,0.10672494655653118
ck_bd30853e9a57b544,0.12107091705367856
ck_59f46321ecf6d306,0.04953199022964061
ck_260cfe9141d249f1,0.4350248618350447
ck_3365a0ad1a8aa83c,0.12043199521958525
ck_b0ef193195a2138b,0.07939314273568182
ck_0f909705e2e60f2f,0.025990580295423754
ck_5a540b75c866166a,0.0915808369117352
ck_87c26b2f41025109,0.8856767047988037
ck_27acc9f320cda104,0.7684742507044732
ck_a27bc31eecd9cb9a,0.15749209229492156
ck_115d86fabde77b65,0.03312334501887106
ck_eeca179341d56f8a,0.8036268092987995
ck_8e5999c436cf037e,0.012484924716262773
ck_510e7c5df1f95d90,0.9810436834379775
ck_f1acf73363925958,0.10840271915656256
ck_3c177f5970b68bd3,0.17575732953194254
ck_9cdfaa1c30cc9d32,0.0219507775268479
ck_c8efa1538b37c359,0.07237844103390954
ck_a8a2e296f9804bd7,0.13791682667961624
ck_91a0ca45f429568d,0.09241841832644962
ck_5fdf8a0bdbd3ed62,0.10433831590183504
ck_0f4e2ec66d50da5f,0.034654939240702606
ck_28c53b214b2ee882,0.773314486578206
ck_003148504557f720,0.43626780730842435
ck_01d840cffb870615,0.8019595082150974
ck_555848d51f4b5f35,0.12503710891007247
ck_df20cc23b8fb8e22,0.11154383286085079
ck_f9604adde929beff,0.0837358385033105
ck_d66952b03591bdec,0.04670103755383795
ck_ddcac1ab765ff61a,0.0966886057567573
ck_347386629d96c664,0.13379055219702332
ck_ab01db9117acfe3d,0.048285078427611455
ck_58e5359efc52e0ad,0.02553962089221437
ck_1a524b5cc8da71b3,0.4152706773547024
ck_e9287b6d909d731f,0.08007557004666611
ck_bb41a66e3d90263b,0.3980650319997487
ck_e95c8cc1864bd584,0.042921966325265425
ck_7a3f2961e9a8b6dc,0.06470438261615444
ck_378a9df82b1e0bee,0.6909594250039834
ck_42633573639a3f02,0.9872258399025684
ck_2a5a4c18c2c7274b,0.07429349317897602
ck_77549c1a41f837c3,0.0751194728388626
ck_a26704b5b26258b7,0.18661239109465969
ck_9874ad160efddf50,0.04761901773042515
ck_9111e3a04b14dfba,0.11221422461136578
ck_651e076ee43aea85,0.16315284671039446
ck_391639c0f13932f3,0.027239068324736437
ck_02dbabda93c8c13d,0.20102110628036327
ck_0adcb1fffcb0a34b,0.12479042058518934
ck_7a43ef9c7b1c67b5,0.11159378247090514
ck_4b9dd69946438d0b,0.14286211767162332
ck_90bf017cdd37b66e,0.2335031592041049
ck_61c74163eb36556e,0.1415435397711579
ck_13376c59b5bd6943,0.026408461088496153
ck_62337eccb1672737,0.10761818000012295
ck_16077934338472bf,0.04015075427131137
ck_0d4dfd93086e7330,0.12869984995127695
ck_3865b7525b910893,0.10964232828272182
ck_7e2ae8b69ebd5675,0.08650044385929269
ck_b4384b6c11766ce7,0.020121200832539772
ck_3d7fa32dfb9fc692,0.28836542599206705
ck_f4a6a7cadd6e0603,0.39494329001063616
ck_212525e2828a6c45,0.30991934957171324
ck_33ad8d53394ba77a,0.647153779031672
ck_a5051eafe8b51224,0.10563188132649325
ck_f65e5ff7da565f91,0.013997608173261908
ck_5c37f7563fa7591d,0.12331541098617481
ck_f1e0a006068aff29,0.15372319910776808
ck_c646cdead6fb79d0,0.06196334661764564
ck_f8b3cdffef535330,0.386396801592697
ck_e5cdbe3aa12c97f6,0.05677997816958193
ck_986e4e61440506d0,0.23913706112221594
ck_6da9c5912e15d9a8,0.22594477110005495
ck_51d842e6dae74c71,0.12637315120601586
ck_5fc65c24e0736d5d,0.6583489268326677
ck_babb95a76c69509d,0.2661021954305263
ck_86a2d852a9715432,0.11764783266834018
ck_db4083a0d043def8,0.4089553405092278
ck_96953b8945b7d403,0.06339858602218207
ck_7831ca5c31fb3859,0.36475490712409614
ck_60ac5e5f375daa38,0.05176052562311802
ck_05d44eb1f5f085ce,0.3490008138195882
ck_432cc19c7eeaa46e,0.21289959424611288
ck_7fc513033af061af,0.5639496724751047
ck_ada6ede84c111719,0.22047518161233975
ck_6343e0d3b1c2962b,0.2538715455661006
ck_010264ae04f2e902,0.5160118155404035
ck_e9dcf535f8c289eb,0.29361995593678625
ck_37143d9cc296e6fa,0.0383959304502869
ck_61fa051192f3e810,0.3799048890228275
ck_f9f93d1d41be1468,0.8832758307461107
ck_c4f4f28457be8a74,0.01958063584621178
ck_323a71f9452d21cb,0.6611755716854163
ck_170f4688e0acd875,0.1835068533352435
ck_869b1878d09d230d,0.35710514058609644
ck_2f6b33bf46976229,0.10729170552783299
ck_b11e22e75d9b99de,0.06400483518807965
ck_123d75ffb75b606d,0.08474582008145076
ck_94295287a04c85d2,0.32970463358449875
ck_1b0434f096795328,0.03973238655820131
ck_0a4e191cd0a57ce1,0.021631136022183653
ck_d2fbd0df99634676,0.0985918671698903
ck_d51df5e9fbbbcc94,0.4080495240320791
ck_2d3d7d64a6f443f8,0.12015666098637288
ck_731943c682c9394e,0.09085917106530382
ck_5ccc0c94e5e1f849,0.10652890387834978
ck_c3476080516db25d,0.11125587013425263
ck_5010ffb1c94187b5,0.032198168701169
ck_7ef666d67bc70223,0.14929165870955374
ck_c1b493527224a27a,0.02145967416894947
ck_5d1e25d7acc5af9a,0.24258407608540103
ck_ec30b61cbf517db8,0.006255066715175969
ck_79323eb5d2e5efae,0.08335218224356791
ck_4085cd3bf2661518,0.08336892936883938
ck_2ca91214c357c072,0.3451627639507904
ck_7f3132d6be389657,0.36714242881149695
ck_e7a6b925c8f39a85,0.41825477811827994
ck_c886adec7bac250a,0.09904106803207488
ck_c3f360c2d0ea0a37,0.0971135865866032
ck_a7acd5b015823793,0.12816047049529244
ck_9d64187c0800f84e,0.12852937034700893
ck_5d4ed73b9efd7d11,0.06807700049299333
ck_874eca6776b34dec,0.049519238479876916
ck_96a9221a87be93c3,0.3094929869779629
ck_68dd79a51eabf5e6,0.2821422765196311
ck_8311cb6755b2016c,0.022145934419591343
ck_16fc77b2bcf5ec03,0.8351297785642537
ck_ad9e2088a33c8c72,0.025563467170592463
ck_7176bbc97b1e42a1,0.02868126731033065
ck_80dfa54b30f65fff,0.8654451838493872
ck_31c54d540b128843,0.02942982837728912
ck_43ea894480567274,0.1443433639938155
ck_9c9e8a38bd5a6c88,0.16497772776256892
ck_1c2dcae19539e148,0.2699308051319584
ck_b0fa8b84e94d8ae0,0.15323955834848255
ck_4ceb43ccd0a81c2f,0.0765043527345161
ck_ba845332b730b596,0.03257999616412544
ck_73d3e8c6077f61e6,0.558534083238918
ck_b5d0d223ef56473f,0.15288941387623
ck_949f08f8e80e93ea,0.01731999277396837
ck_73de0b49709e5f8c,0.04137280147920592
ck_b5935e9722a39819,0.2996245924076556
ck_96247fee0eb44420,0.018808480562510846
ck_a6def1e4b2d57e0d,0.12937910430287808
ck_aecdc5a96321a2d8,0.1605801574850301
ck_bc61c59970f8de49,0.18511928858730428
ck_c43b4175fc9ac5bd,0.9015835312360021
ck_8ff7a9b23a55fd62,0.08792267087415173
ck_20c99b645f462449,0.11593148062606129
ck_a5ce2ae36fb410d9,0.025083238258417486
ck_96fb9bf556842bbc,0.1467462202703765
ck_b5e4c6dbbed1b773,0.10915520331204548
ck_2085433978e72ea9,0.4455678739914553
ck_2c6b174b063ec637,0.1517099395942592
ck_b20b81b88dabe28d,0.0072460998251097485
ck_243c18dbf150831c,0.02933665045314783
ck_2bb6a17e8eee35cc,0.22678786232880127
ck_66147fb994495396,0.5647557958419849
ck_73f124f075ede0fc,0.2503869117039453
ck_2e315f1b1e533dab,0.030948837096221
ck_16c7bf94ed3e7a6f,0.03611305643646638
ck_4a0eae220a762ac5,0.13908208108324135
ck_dc16f939c2f44ad8,0.3662805223693967
ck_817926b449754917,0.1543067478011212
ck_0c0dde42ab64ef87,0.0907055048630491
ck_cb3a40594da6a2ee,0.24140417565275515
ck_d0dc156441fcfdcb,0.13299732796843663
ck_66f0945add423e9e,0.14292901600336402
ck_a74f6a3030f5d495,0.1217504880865643
ck_1ae460f331e49ae2,0.10523053012476899
ck_2d177b2f4f0b40c9,0.4730929287443702
ck_92e474e4368c4791,0.09802221358485969
ck_3dee83fa2d109484,0.017059977550941973
ck_80e5ea27848069fe,0.032986872828504175
ck_ed0c4a83701ca230,0.16922885668311224
ck_0b8b7c5c581fd161,0.029974623159461422
ck_60bf8a2870956fb1,0.13830127810238524
ck_73a54b56a2bf35fe,0.8915196591715118
ck_2296d7a563424883,0.05747625892513427
ck_bc19c383560c7477,0.15634070222329446
ck_861d8e3d88f1079e,0.18361868229254513
ck_3f090fc96c24eb28,0.04099272983248656
ck_9a6a1f8102febfca,0.13835511665868216
ck_541b6ad5d2fa5a39,0.08337442438181494
ck_a760d38d1bc4de97,0.05070320037111211
ck_7dca4d7ee10b4eeb,0.021632468260511357
ck_15220e78d1545e40,0.14269152592946072
ck_ca24bb0de508efb0,0.019816054211616297
ck_56b389627d8f02c5,0.6998590728376699
ck_48a6754977a44db0,0.048265355188036034
ck_333a43ec339a04cb,0.1607625377301465
ck_f22aacaf86a65d7e,0.4666218770417536
ck_04bd8a1ffaf3ffd8,0.03026257381087674
ck_2737a72de6b700f3,0.17802754708872962
ck_c35e03b0dd0c3454,0.17464662734812564
ck_e0571312f395cd94,0.11072403678032836
ck_09fab6b9825001b2,0.029666414376882454
ck_18c3a095606209e8,0.08179232057453581
ck_2a97db9377d01e36,0.030814438406826888
ck_f29dbbfdd2786bd1,0.07682393804373742
ck_35d6c510ad29362e,0.5224166940285799
ck_5468fa99c945d785,0.10961018047208161
ck_6f8102f62c876cc9,0.17156414990543012
ck_91955aab3424ad16,0.02857743200106643
ck_9a43c0c73a39d759,0.10973908691978763
ck_60b023af6d1e30bf,0.8750290610102972
ck_9704c5cf8659cedc,0.2397394229584963
ck_7e5f02b51b9f78bf,0.12682542888531145
ck_7d3a88d1aa649708,0.9376982163158343
ck_8250eddc1ecb07a0,0.1291053515299741
ck_d979ef95ee44023d,0.24892269935001254
ck_5e5461dac83531ac,0.24928851094982815
ck_d1bb8890081e0a31,0.13624702920688145
ck_32246c62640648d9,0.04221121759092028
ck_77a40c7d2f862a32,0.2513105775913018
ck_1c8b94efe9238f5b,0.032249122155194335
ck_eaf3b6d11bc3cb11,0.1000456921221888
ck_a4a7ef3ad799c380,0.17803411963574992
ck_d5bd8f68da073cd8,0.015619617963596918
ck_6e6258227fc8db7f,0.03760626510617014
ck_c35d444e05799db6,0.22058296265372643
ck_74665e1209140ae8,0.12907537375803196
ck_353a272478f7e903,0.07251957742479218
ck_a2c9796ea229a4e2,0.07234608427838775
ck_e0171f91cb3411fe,0.16903873526533514
ck_703499f5410280f7,0.012638753957125038
ck_ae3a763997f8f385,0.14980697220787262
ck_f7ff94c3df5ac874,0.045225666693470806
ck_f3c16d8f747db046,0.2293691148879526
ck_7ef019ed77276496,0.007578530924264408
ck_d6a4faadab58a3de,0.06752992002265562
ck_ba7b78d31d74c794,0.20357719753264367
ck_36287d063350ce9d,0.03899075813586327
ck_5177fc7137ff26ce,0.07840013758474118
ck_dfd4e79aaa967b63,0.16356695640660907
ck_fb44d15fb93a7157,0.09857834693195507
ck_fca478361870a4ca,0.0699773116701842
ck_e57b94fe57341058,0.13613057453275904
ck_5448c946cc4758fe,0.06277301264346626
ck_c5ece5ffb8800ad4,0.03775401213214159
ck_11cb98211b2ed134,0.9071319091255374
ck_f655399ac75c4450,0.17860227605489976
ck_c817259019588d30,0.29275370507727205
ck_8740a14d8096c6e1,0.18784197591058496
ck_0c5ba86f4e05b38d,0.10407960317046346
ck_ccc917533d4b73d4,0.1638738147556332
ck_9eb80edfa43203de,0.024846995270634515
ck_d1a1cf4cf61d6801,0.2139831240122474
ck_b17c239f160e6017,0.10129535996026896
ck_410c3e13b48e0415,0.07617553860370316
ck_ab553954435e8854,0.7391949964321681
ck_bdbb4230c91e1604,0.12647620234996276
ck_8fd4937eadd64fb6,0.03639402367164347
ck_e0e90b196bef3c11,0.01949052264409252
ck_3dc4d464386f0eb2,0.44574244739372026
ck_51bbbf8f8e8ad005,0.9996612478232626
ck_c05737ab74cf03c6,0.23940666250233972
ck_dceabbe04d99afc2,0.06836409637692542
ck_5b86fd14e85bc9c7,0.8614224628944797
ck_d4febf0083800424,0.21667742325939837
ck_77d9f86dcf251739,0.06331055490505297
ck_b4dcebc543deaafb,0.16451098704421294
ck_cb856e75c949b0cc,0.02145404439978217
ck_61b067de8ffc1ca1,0.08483692095190772
ck_c0e8560ccfd9dd9d,0.09920526555225291
ck_173e1198c341087b,0.05957512558911649
ck_b4d55bc809000276,0.10478423341127065
ck_839bf139296b5cea,0.13671920033824791
ck_78cd402a2a4f2e35,0.05488557024799966
ck_c2925c50ebacbdba,0.06235536789847415
ck_5e3bc76eddbdb0a6,0.048049008763467946
ck_b7793edca26fc512,0.16310930790480105
ck_d79bdf04d6f31cd5,0.10219619691093215
ck_4b97d19ed946f503,0.08196470479511453
ck_37139b41c5370523,0.1691413310140674
ck_8c346eeefa9ce692,0.13159087979600684
ck_2ab7eddee2d8c49e,0.07099002610138547
ck_29da59ea3bffb9d8,0.371609272456518
ck_c1d05ef0ec6e4be7,0.06392016890265871
ck_3882423b449f6291,0.9412180943410204
ck_5647030283171ed5,0.9188494250640221
ck_efbdcd9c181e72ca,0.18022664252933338
ck_192fdad892782daf,0.4495295198927798
ck_0bf2e13b9f2601ac,0.18359991747678703
ck_3d6046a533057795,0.26137706136059846
ck_279a1d3a3836e5cc,0.23259698404483478
ck_c375e929becde422,0.09730179306263208
ck_a59e90219939a1f0,0.04405912260870991
ck_4e9fba1ec54c3ff8,0.14242582627702996
ck_bcbd8588a13f5eef,0.09875224234186525
ck_5f9a7ff990341bdd,0.03894552449188089
ck_e0403d507519b7d2,0.0619962751257676
ck_c9490cb61aff5112,0.09165125927372837
ck_41dd44308e6a665a,0.41463095937033023
ck_76c23726cd7ca947,0.10948685088283919
ck_9be551300209fa83,0.102042713409822
ck_a98848eec6c9581e,0.13080656844889432
ck_61176dafb33b2d8a,0.9347315749361926
ck_92de019e05971ce3,0.17192308889503327
ck_5d644224135d7c65,0.12662938140460303
ck_c767fc454fa215d0,0.06955753660640807
ck_5df85a8924e11f27,0.2800599426697233
ck_da2729307af06ed5,0.23482970418054117
ck_7c6b577174af7a78,0.04002265642056528
ck_893b8afbe11301e1,0.06672868503972468
ck_e06f6fed020ae014,0.08119941825601736
ck_386680372fb54857,0.051659800036454546
ck_7a7f3c4fe0c9d2ca,0.06842715035639572
ck_f908b527c4db422d,0.18015543228576217
ck_ec2eee6a133e9a6f,0.19909764288321544
ck_d98934f9fe0b02b3,0.033328857897836066
ck_398a1ed77b0130e5,0.06711255047530228
ck_d960af7a55b892b1,0.11374918434116417
ck_4637e54a9f79e2e7,0.12914825311216652
ck_02b9f418524f6650,0.08976601898786207
ck_d4b23804cebb045d,0.09552026027136928
ck_35b1939c48182a9a,0.2655310578669712
ck_2dcbb71e39d64305,0.05676526067644853
ck_47a884dec960ff2d,0.13512904702189799
ck_71fd8c346fde5cca,0.32075904327727556
ck_98e1992ac8e7d2de,0.15401898007910197
ck_ae7780327e210522,0.07730844030270367
ck_e6c584b4b1ad6d9d,0.12295340671378287
ck_344b2e326a6c3dcc,0.0418758152168846
ck_9aa899a5230b0963,0.20262157742717737
ck_e48d14d5b70ef5aa,0.1200245178704429
ck_59d380a0973b3951,0.16379446365542755
ck_11318f7c041a5ba9,0.11645008501052562
ck_7061786fe2f22f5a,0.05210269277722286
ck_e77529651c416cf7,0.1141057378574305
ck_7f79878197340435,0.033196668192097656
ck_b0a0fb0ee9ebf106,0.08720080852202147
ck_70c7679199776a90,0.16630237237870343
ck_b9facd2210daca5c,0.3701004187942552
ck_9949f53c155b8dde,0.13335012784491188
ck_1c607e24f2c4397a,0.15694006146067904
ck_aefd1ce3ce093cbd,0.0551267548073161
ck_5a29b7018e43280c,0.016541095207042864
ck_69eb0b2ccfbe5f95,0.07829713409138317
ck_fe037765aa465c58,0.13410533691781376
ck_5e512ef5362a3dd6,0.06017926288669364
ck_544a9e80b7fdc279,0.04137529982489583
ck_7825494e654d5695,0.08391627866437884
ck_f1f2c3c623553f0d,0.036010050719805724
ck_52730906e5b461eb,0.9363523134707062
ck_01e0689157fe9617,0.8000179262540846
ck_9da82e567074da9d,0.33996473805499683
ck_6a17384072f904c0,0.06775236113927256
ck_8d84d771a21942a7,0.09103415937729728
ck_39638880292782a7,0.16930714139333738
ck_7d51c86e0eec72ac,0.08757624896215785
ck_45f4c821c70d134f,0.8507932829238372
ck_0af3c13ba56ce57c,0.04425079608561943
ck_0789a05e061b2784,0.703832626215756
ck_6ba091eb42ffa9fb,0.5968071787475542
ck_265accb3c5c32620,0.4848102373740903
ck_179039559ff7566c,0.1746338538769933
ck_17c0a6a92b5765cf,0.16987343075559433
ck_59371c9140239fd7,0.1273222585028131
ck_f9c4f8b4ce2691f0,0.0939291207866711
ck_a2637e4872cf4811,0.4621009283179182
ck_1de43fd6c6c22a5f,0.2110981743574185
ck_6e4f31bd108571f0,0.014781026560000242
ck_da06d97db0b18851,0.05082246115669405
ck_e0346d5081e640e8,0.08849167090667753
ck_c1c7d4e62c9fcded,0.7578934699204535
ck_2595669e421299f6,0.4725520462617391
ck_3b6057d51fd4c7d6,0.04918652763701774
ck_c5f8ab515840a0fe,0.07098995093506762
ck_435cb24538c6f77c,0.2756474790257183
ck_d84b5403da4cea7b,0.1230720800601776
ck_c2b61a98d1c8f6dd,0.910527725889002
ck_c9dcd92b2f836b61,0.26385330156900805
ck_9eb5b3f5f672c2b1,0.10287161829416762
ck_e4cf189a8d31649a,0.036309729208056904
ck_6b114f2a48152b96,0.0463708574750624
ck_3fb95862b70f505c,0.16895668971819675
ck_7f780f465c29398e,0.07941834880145313
ck_ee387f9da79e67ea,0.1757564126804954
ck_fa3b1e85d27af2ee,0.13766580388978558
ck_e739eaaa7a1822f2,0.1460992852724726
ck_dfa0ac11fcb1dabd,0.05643660399665754
ck_6e8751b571ea54d1,0.11296658134577774
ck_2d695f8358383092,0.13667269039468394
ck_e7dce27edb700f27,0.11041813823844245
ck_e322da8b213eab52,0.14577247052741313
ck_d0b32e039abb8200,0.06932475667357728
ck_b354003302b272ca,0.048391796516532096
ck_f7485cba392bc294,0.3227898197641166
ck_d6a290ff8362c7b9,0.31674468193757405
ck_c56a44fe315c0389,0.08554896199120306
ck_f77dfe6512eae322,0.15199422136391427
ck_35fe969c58b9e70b,0.30199264962876937
ck_4c518637db2322d5,0.22038719561163497
ck_cb61902798ecc4fd,0.1258800823905075
ck_56e6cfa32156a916,0.05446525737193342
ck_343e6ed2b9d35c01,0.06431046472251797
ck_51440f64f7250ad7,0.12969229955434605
ck_295bca29c34cfe2e,0.5415140664708312
ck_dd30558576b45e7b,0.11301237775900613
ck_3a30132a57181fe3,0.1911572539041413
ck_4a733aeb833406f4,0.027350289438592332
ck_1b0b7c3d35ab1259,0.17408133465901718
ck_962c3bbf27cd4b80,0.329069410097555
ck_9528e1d6b1707870,0.1948863308251649
ck_b3263e7f31aab45f,0.13550027827962285
ck_e69195a3c885053d,0.040617064255115826
ck_a907fa8795cd4baf,0.03806353270348547
ck_205c3405045bd835,0.09192506822967009
ck_e81fc223bed3c46a,0.2357566288401001
ck_363751deae40edfb,0.19079750790189326
ck_6176baea8cbebbb6,0.16662659348887082
ck_633e6579f5c74a5c,0.7898112979410364
ck_ddc11fc481eef58d,0.060460865935197394
ck_e975002c979e12c7,0.19974884661139913
ck_8e039b23acaaac00,0.1647297706941049
ck_1d6990d94a4d2ad6,0.4372377748584123
ck_e7b583acaa3171a2,0.14550541435750788
ck_c0133f60d39b2fb5,0.11097028517276221
ck_7d6bff85e7a694bc,0.030978480189441156
ck_d305b4d82f63f647,0.046197472109999006
ck_22bd0fc71f95e048,0.13578385594611464
ck_9a65fcfc7916f93f,0.057762501964360266
ck_d61c837b0106085a,0.23827526617756334
ck_be86a1db08dea456,0.09427473775243018
ck_90489c405e6886d8,0.03420131047546562
ck_0add2c321d579d75,0.20345063040994688
ck_482dea6eed92cbbc,0.12751949373542087
ck_c24b47184534cc2c,0.996708977904664
ck_fa04ac31e596e7d6,0.48789107818199906
ck_084322dc5a3a86f0,0.1019593900030966
ck_ccb72a33cc1877b7,0.10995427685156359
ck_afaf374009d3b248,0.1220830032625964
ck_b53084ffede19a8e,0.019252350577641433
ck_4760216154c8cac2,0.8742169261261795
ck_37ad3a65db673e70,0.08358282561925544
ck_0c2932cc0d553694,0.13103383621257447
ck_86b853c52f20fef5,0.08611268526558827
ck_38703b7546d35a80,0.18220568275423354
ck_218b7e6e6dbd2da0,0.03272186857108709
ck_402db4184982fdf5,0.18726647538874716
ck_f917c82af80e4a79,0.1584078849592999
ck_3c6417a233c68c73,0.11917168959922811
ck_98068c397d70dd3a,0.2776183406100746
ck_b1cbd6679c0f8d95,0.07174440266492722
ck_9e962f9bb0e7bac2,0.07844770017097487
ck_b08247c3ad567d92,0.5323813656442433
ck_3ef7a03ebb81cfe3,0.006491781570991981
ck_5d7ae0e3562e99bf,0.19181336426375187
ck_c91a628236baf91b,0.3763280003180732
ck_7f8e816ca51755e3,0.5187582466412825
ck_5aadd286d188f5c3,0.05249928387750747
ck_a037aff5f8128c73,0.06582960230375971
ck_5df6529ce8290906,0.2487902175471818
ck_5f3609511443e5a8,0.22956199975759456
ck_a6f61864fac3c8fb,0.07174437337817015
ck_2733fc6ba23ae46e,0.20143099347312876
ck_22bfb9246646eb41,0.9299251326185415
ck_bfc2a57d8fd1610c,0.5477712177437262
ck_49839e761d0e74e9,0.05438132564079689
ck_aa4ba931dd37481d,0.13092945062815678
ck_2f9fa0d61829f815,0.12251608124005316
ck_5b82c774df10d49b,0.04893548941544118
ck_411219470d0a195c,0.12497628451926486
ck_d07485ba10514a2d,0.6422223691716668
ck_219bef979ee21bdf,0.04620497108303317
ck_eb1006e7285184a6,0.11989507368526081
ck_fd242b18575e3063,0.2659746146267662
ck_95188150ff059c70,0.12796080359837114
ck_a9ca2f447b984a6a,0.17313816817189426
ck_2dd39723c4088b64,0.24042080021551124
ck_aa2b4c662ff213b6,0.2055981818621721
ck_1867b1199c864db5,0.25640872487420663
ck_850ec97a5a0dab9a,0.17830642043414605
ck_562320295fa35875,0.06495437210856665
ck_bab5759b07fe2bea,0.07639765540359209
ck_b9f1465d803e57b2,0.4489527192149099
ck_8f21f2690c32c691,0.19449371047202424
ck_df87d6f61a63eb21,0.11451393266307758
ck_770475876d0e7e6a,0.07031554000207045
ck_b4c014d5c0cc9eb2,0.07108206195913644
ck_3add4d23124c9290,0.05171091025911709
ck_bce5b7fecfb6264d,0.2873594262708359
ck_604c17cb97dc89be,0.11622149959602247
ck_e52cbcd9aafd26b2,0.029129527347390195
ck_0ac9114076f5bf3d,0.04969546003901887
ck_dcc125b178b79566,0.040865740229017525
ck_4e333c09f0c37dee,0.11113559317585542
ck_ff7e31ff8ba731e5,0.1708947891571726
ck_8d0532d24f1070d1,0.020871935310911104
ck_3689fa41748a6f6b,0.4246919945648438
ck_7509eb97c1948b16,0.118971702600892
ck_a9161cf1ca22a6bf,0.15452637082464618
ck_bed3e3db135b782e,0.2720916980520439
ck_9040edd974ef8e3f,0.46418820416337825
ck_fac32d76ed40f683,0.202335084292938
ck_3d7b1078e2d57c69,0.09960552512276434
ck_dae09c4e074af5dd,0.14819244251280442
ck_fd84507228467b40,0.20870084643028078
ck_e2a2ce9b8cf44c63,0.12376856768774637
ck_cbe716f351d660d4,0.09608231395568792
ck_cba4162ef29a6d27,0.13483470350206675
ck_4f1e962ff8a29732,0.029754688732933264
ck_39a81899dded61e4,0.10667610627287248
ck_25382331551d22a5,0.2181371064100226
ck_6d64e1c07b19856e,0.07163163453640353
ck_165a868bdef28ad3,0.2999609937051187
ck_88774ae52e30e877,0.1771466081862926
ck_fc7a9d0643570053,0.03202277524337943
ck_c2017120b3b88a46,0.1985241763187358
ck_d115ac6b9fd62a7e,0.14378941022283964
ck_439cf7d51ec7de0f,0.05909892307470439
ck_2468a7e9e68a0927,0.040624098665313274
ck_7c418947124dee8f,0.3625754628063601
ck_fb0cf32c4a56f740,0.14285047856534575
ck_694eb6c43193afd4,0.12563185537050744
ck_993beb188dd4abb6,0.06405783704149653
ck_77fa39d3b733c226,0.31665166823113683
ck_49969a9abc47cb69,0.1010517355739036
ck_d3f44bbe2f7e9b2d,0.17565241083541774
ck_fcf5b8216d0c18ef,0.05624122231122989
ck_daefe1e2d2bc362d,0.07626560785860106
ck_9c9287cb28950eb6,0.24125615198509587
ck_c1d1a625b885a975,0.15008169140815764
ck_71b37fe47490b4ba,0.10035055593890237
ck_5d16e257c0635f7e,0.7398230959726958
ck_15918075563eb074,0.03194035200322358
ck_9a15fdefc47e8d11,0.21743616141365923
ck_6f04d047d1dde75e,0.030169962068611507
ck_1af2c0b3b8d202c1,0.11326581149654237
ck_174be2231c5fd2b6,0.024917645886636343
ck_bb0713a2a1d65982,0.17334966740345562
ck_0daec63bd5b0729d,0.22393791831741525
ck_c0b5cc3e8ad2ff44,0.33912936887131245
ck_35bee1fc12664644,0.4669056214171592
ck_a1c7cf63467df4c2,0.027854660937800747
ck_ecb1e15f0b185ceb,0.2706779859563821
ck_f280d31f54a4710a,0.22309427546317426
ck_30f4b2ee8abe1342,0.7093373081070337
ck_66bed631354de5b7,0.12925660390733482
ck_c2d3ecd7278eba2c,0.06985005707833153
ck_e901dec0e09eccbb,0.028285176083546634
ck_5d038ecb3c8748a3,0.0668854151709707
ck_283c5bea94b21e80,0.05013382992235744
ck_7956c251b85f009e,0.8438281936302741
ck_9f5f81d771146aa1,0.03700730289582118
ck_9323e6fc1e168eda,0.9214260906764611
ck_10495d3a635b8d69,0.2135323842620432
ck_1982d571cd36eb0c,0.08049936795539842
ck_4f5d7985bcc2eda4,0.10067604322852641
ck_7df526b2b4410bb4,0.03609665656217217
ck_dbb498b1a346a402,0.019522249955630382
ck_ef059997563e3330,0.14042244927315128
ck_02ec4e06709e6b82,0.05371663953488685
ck_9782c86ba6485f88,0.043425289271034076
ck_d69de468b44143ca,0.06456804893956589
ck_6430a8792f400e0a,0.07135870297466362
ck_8285bd3c90af94f6,0.07712643657044324
ck_985c9ca112000e9a,0.1492088798744383
ck_e679fbf4f4f4aa07,0.044658938071333136
ck_016e8c8eaf9d511b,0.35020263093985815
ck_bc996c523944644b,0.15700328971854782
ck_5b8315726f6204e0,0.12935500163867933
ck_78181f8e998e442f,0.053607427192975336
ck_71c68dfd011dbbbe,0.8811301095634092
ck_db32c95ce2b6f502,0.3938325901338128
ck_755010362a9b1bc4,0.06147063580798321
ck_114141d85256c9ff,0.012090347659069826
ck_9d1a5cf5a3b87e48,0.18850576332748556
ck_ab640420858ab5c4,0.3650414854797228
ck_97a8dac48dd62488,0.6021092796300559
ck_879cc3166fe1bada,0.04772140800201265
ck_b0ed11080076e381,0.08969372097503289
ck_7334a9ec656263b2,0.029598989975156895
ck_6494f0ef13ce44d9,0.0645310512882031
ck_724e459b9ece38f4,0.2671743661663651
ck_7fd8b1470401695f,0.9195705676116036
ck_292f81186358b0fa,0.07000495892352042
ck_fa7de64d37287615,0.12030320837358129
ck_d00e09e66ed6458b,0.5030747713979047
ck_b8d210e741be186e,0.05372942788853197
ck_3db59982cbae4410,0.1956448484745282
ck_69887d0a9aaca6df,0.03343403705169473
ck_4feb21e2fb0b3977,0.23941651618831275
ck_08c6cc1e143475e3,0.010590327292138673
ck_fe6e168cdbb46b9a,0.32673277267253054
ck_07f1734be7fac56a,0.15128641349667046
ck_d66d59981307db93,0.13216513755140025
ck_f928dba0d587d7c1,0.05574333483053927
ck_786448fe3004cbd0,0.04147007468299234
ck_29ea329fa40ace62,0.08072897004855076
ck_7ea52b6f27edcb73,0.45789220769258937
ck_18bc51bbf3ef198e,0.2789234028491363
ck_44950df09ff14ded,0.03983260650867915
ck_c1466b52c0a10b93,0.14980422883543038
ck_6cdac067cc4db5c5,0.19561583500523366
ck_53f55c6e8cf2d432,0.01504486832520137
ck_95945f48453ca532,0.13620451824553362
ck_87cce4126e215153,0.07544769458448185
ck_1ecd5516c92caa4f,0.1257831741724888
ck_819b482bca14c068,0.559843578900296
ck_a61a879dd46fc9f2,0.14584052255166127
ck_af70aa32c009c3c9,0.15310376286256414
ck_f4fe78e249092ab1,0.1282261271379747
ck_12c46bc52bf45b36,0.21329154178605672
ck_f05f5e4b40afa52f,0.19530863639476
ck_0f8cb09d3f4fc980,0.2530369157257028
ck_80a64a7f0275a71d,0.04875921324133802
ck_683af7b1540a0b22,0.1379526360533643
ck_51fe0b613c076cbe,0.08425924587840755
ck_da1a2450219dcf19,0.14652416301509735
ck_2a7eba01ceba6c2c,0.2365934756585323
ck_4e329e29dfa743ea,0.6006981917216981
ck_0274d881d6db82c8,0.039716958590566724
ck_0af5b7d128035b35,0.24476454154940727
ck_ae0a7be6b0a0ea68,0.16453383871761004
ck_de5bb7a4d091386d,0.4725186587987941
ck_2bb7c17168a9d17d,0.037040953159640094
ck_0ffdff7b2f5fdfe4,0.13166973476639654
ck_718a8390b3d42d7d,0.03410378799589636
ck_7c4f12d70f184533,0.043043380841197625
ck_d3e2c26b8adff099,0.10693534068808276
ck_ac9d3d9754104cf0,0.008945705285295124
ck_3b1766a1d51f8f0e,0.3585271899535031
ck_a9bf75bea912027b,0.27004903462529867
ck_687eab3ffe1f8cfa,0.19520633052125716
ck_25dd0b02af5b2f37,0.18143406142417887
ck_1747fcc466f0ae38,0.015505247880532924
ck_f6e9d14dfb6f3c28,0.07968473675400273
ck_c6a7bbd0adc4d5f3,0.16984862290067518
ck_46656a23f4456d22,0.8689044793862053
ck_7519260415c2998e,0.17059786774227365
ck_754f30ea19df857c,0.23076462037252607
ck_ba88a244d5f7380f,0.09923429451443305
ck_f268416945316815,0.17772192200618878
ck_21860dd2159dff28,0.1055040498968802
ck_7a86ef4e2beaec38,0.0472724493259885
ck_0414507baeea936a,0.1542064113630377
ck_60796eb60fc3043e,0.04712725497901753
ck_1e0841ed17fe0562,0.1105607287276753
ck_0d641d32658d6e0f,0.10994196590509413
ck_b36086ae6d87eec1,0.06714770472340086
ck_962e65ab33b5c311,0.9479674089103935
ck_b046a42684468e63,0.11395087590661478
ck_ab3426435b0017d6,0.10214694353858078
ck_fcfe06e44d09a344,0.15614237051940807
ck_0f6d916c92189516,0.21621478511180237
ck_d4c8f0d957c3965d,0.10469811948573425
ck_2ca83dbd728af019,0.03999000331659087
ck_2857a4ce9f72fbfa,0.07263288971405013
ck_a60e6edc48e3d0ac,0.7173086815880895
ck_0cbd3b27063d4415,0.3555310003477873
ck_612089ec90c37219,0.08318905011104581
ck_ec4e597f17f473c6,0.07206322950855637
ck_1c93cc58f314bf71,0.12990314739161382
ck_2b359a979520276e,0.09939002647049404
ck_1496568ddc3b2d56,0.24818044974615044
ck_41d91dc9f5063566,0.1458569009036691
ck_4c5ff58afe3d7a67,0.03251916136823375
ck_81709736281fa3eb,0.008754173393784166
ck_d89abbab3d4957aa,0.08043824253003613
ck_52453401f88935da,0.18772919324356296
ck_a477654d34783e06,0.03455795693940078
ck_72dd0dbdf808cb00,0.2022321274860015
ck_c183dff3781746cb,0.2736334572205965
ck_c8b7f241810b45e5,0.009806518112933139
ck_f88028c3f306bc70,0.24557151163678773
ck_91d48d69e4f5d9c2,0.07360170264356787
ck_b74b9ba6d7c9aab7,0.24703906790147426
ck_03e904682dc73bba,0.09984142065045538
ck_fc6fed6ea96a004a,0.09028901032674069
ck_51efdd240e34c642,0.2042681955221496
ck_e78ab4ff52b5fd2d,0.07860609652950176
ck_4af7b97c24d89a45,0.10390251393883455
ck_295c0072eca7f7a2,0.07012617835915756
ck_8abd1a50a9227463,0.24290451726308881
ck_ecaa6f13304e3dc5,0.041215450959519485
ck_de436e7b319be1fa,0.9946105161032694
ck_c802cf8f61466027,0.00797206494099208
ck_3d83e0a3c1cfbf8b,0.1403983205141713
ck_28d2003c2d16e4b6,0.02527035158885535
ck_8ddaf745bbb9cd62,0.03739986897191156
ck_493b6256091014cd,0.1411184784582346
ck_a2245822cfea997d,0.03022593827830647
ck_f7305b3c64cf8a03,0.2552719063511833
ck_9937dad93a0ed3c1,0.05347639670165624
ck_d654449f9231ad76,0.0650857655133947
ck_850e2b59bc535490,0.2041719929324835
ck_e55e5bdfc0242aef,0.2584841019777371
ck_d35c51e981b98c5c,0.10926176337645464
ck_27cdf9c5e6f0915b,0.1483962392319878
ck_d328db1e1052d820,0.2586117784724237
ck_0ea30eff5f361cba,0.08293327896244414
ck_9994323f97109f4b,0.9934185044022843
ck_09054e97bdf9624e,0.1123998631820753
ck_723b4afc388113c8,0.08278661311441138
ck_588f6e6a6a6d93e8,0.06328981920210767
ck_e1d563fab4d6116a,0.07997695469068164
ck_53aca610e20598bc,0.10492678827479225
ck_c8131ddc7ed33448,0.05765691214757343
ck_899f88464305824a,0.09898442728209149
ck_1c17c65804f8889e,0.19078295178514001
ck_45a16ce12893cf9b,0.1239633452880325
ck_f9d481aa4f9b2808,0.34222811142485915
ck_1d5d74169cf892ef,0.18552076178115903
ck_aba32acb61c1aaca,0.25303973697569576
ck_ec4dd3675a8d28cc,0.15948777795001245
ck_5dcd443fe0bbdeac,0.08273942106733884
ck_3a47e3f54475e854,0.02563906389476307
ck_a9aa5c344c315532,0.296755518294894
ck_9652283c9f61fcec,0.038686208309741024
ck_752dd3d2487f78ea,0.09155471676788997
ck_a821980ac4db9943,0.7360817454424419
ck_93e0d6befb67f7a1,0.1652281111649174
ck_e7a3881c3e36bd51,0.660331174460062
ck_12631b78f8a03df2,0.11780915077504066
ck_57b8226610b48854,0.08910773262204681
ck_352657008983fd4b,0.41961313114901344
ck_0841a5c24fd3dd28,0.11397296957543508
ck_db9b9d5d30f74070,0.3037345349928253
ck_a9dded7f6294e44f,0.2754957214860548
ck_91a16336ce3217dc,0.1803169081539761
ck_371bd9388b287677,0.012486265938814974
ck_f285e5e1912a7c62,0.04011637219848184
ck_368b65fca69fc415,0.19652948095954062
ck_d27a73596b6500c2,0.11979523918546148
ck_2d963f9b2c4d11e1,0.17122142586508232
ck_7c500e219af39486,0.0669740242427537
ck_7d025dea5951cba7,0.1931947893009
ck_32f632706608859e,0.10891169532468102
ck_53816231f3ffb48d,0.0330799300839389
ck_9dbe184e81c1ca8d,0.2387522486366876
ck_d74123617f22a21e,0.02328522991935227
ck_275386782b1606f8,0.05946902597271219
ck_0b0e79d33e50cba5,0.20374467483958222
ck_ba93cb604f792915,0.12825273875420315
ck_a86cd653472eccbc,0.06827131428492605
ck_87771861e0447210,0.4901165367328139
ck_212380e0371d8a6d,0.15929380379879574
ck_ef0d702d7b0ed745,0.05140935752301525
ck_2b8f33e22f939372,0.858452371396762
ck_480347ad92037105,0.146298994836364
ck_20124c3a16c53ce4,0.1350692791647685
ck_c9e1e3229baae708,0.12696918851770705
ck_b1befe967f7a5ebf,0.1874850625764814
ck_4672167d7c989bbf,0.43057363613838856
ck_f0c44ee5e3a42e3d,0.3651216174549344
ck_c416357d20238a4e,0.1453345277724203
ck_d0f470f8078c91df,0.07173159995776236
ck_3a70b4ee59084715,0.12994893530533644
ck_179ed66cdfc1ce27,0.11614723929850618
ck_387e5a7f163c7837,0.12470502991773383
ck_08fb463e69f647c8,0.9858202380497778
ck_732f725747393ec8,0.08730699818687933
ck_7cc5e0fa3ca5a713,0.0833710743636604
ck_ad4a4daa826ac68b,0.43292144997116294
ck_472e0be7a3b533bb,0.11195362808344538
ck_7190177963eafdd9,0.1245869204699412
ck_647ac26c5900f082,0.05499388170767656
ck_272ae2179bbd8e58,0.09536295451972945
ck_09b0d8af304646bd,0.027145196487666688
ck_ca0cc8ea9f344408,0.04740328248678762
ck_332ad134fb909869,0.09731957234897276
ck_fca2798914627dc8,0.2626554149442823
ck_4450b55f462ae134,0.08253652052588836
ck_d67d9dfb60b286b9,0.045193131466469534
ck_a9d2bb4f2bde7052,0.050373713080798486
ck_929bcae878a3ecb3,0.9054176386091276
ck_59a9e000fa275e1f,0.14384588850657712
ck_57f17254e2688637,0.12231042671652295
ck_0508908697f60ce3,0.42107762737978816
ck_946afc2943298d26,0.09225840232579527
ck_7176d12b18f2cc0e,0.1751642880053208
ck_5c47b49c26cce286,0.12216661186505316
ck_b6a2bdb2d335e1d0,0.9956251501034952
ck_1d58f6caaa4d012c,0.18357578318015588
ck_71c917295020ccc7,0.10404999506277296
ck_bc89644ae3688995,0.14873924294297242
ck_e7c212f16d6df272,0.0914871196200104
ck_c6d2e11a368184e6,0.06798987699029926
ck_eed7f1f7548df15b,0.21378594150061525
ck_75b69034000ca7bb,0.1036687678726607
ck_38da3bf629458682,0.09066216839078677
ck_90114c891239d821,0.16677415097314532
ck_8ee08f6777cc155b,0.036522021271632656
ck_bd86132499defcd0,0.14363371001098368
ck_b95fbf2b5640aa82,0.1490863602543509
ck_c530235393360e3b,0.0657983169010432
ck_be52a7ec43241ba4,0.24567404233500184
ck_d96eb3cc55f2772f,0.1671462797718364
ck_dd34f0a844fb115d,0.36395568513621795
ck_17cc7b411f448e66,0.23693109637904974
ck_856ea65fa27d06dd,0.27687097380239256
ck_056d5f0301c30902,0.38218007228032147
ck_e662b14b2bab23a2,0.4009263733536115
ck_209f574c8d92274e,0.19109277381255174
ck_62720b81617896cc,0.09129203325496811
ck_041614694b77e599,0.07349153646404546
ck_461e3f7b97db8d16,0.13704557284315128
ck_1b74b798eebeabdc,0.11506735925054003
ck_0ed2739384f1d644,0.051287336850260976
ck_5a4d19f1b83feeb8,0.15795054575193535
ck_463937167965a1f8,0.1119350683088265
ck_9d7151dbdf100e0e,0.13661596394619818
ck_20a7d1ce6cc27312,0.07768332361193771
ck_6031211ff118cf0f,0.03370627832608918
ck_a6fc92aa91e99b77,0.8375686945041491
ck_0aaaa9d2f75a0518,0.1229957482773173
ck_ec26e327cc1848b2,0.18610560467979137
ck_0e6bebf8ae9b9b03,0.03654802759600068
ck_e107537a4cb738f4,0.0936499444058751
ck_e8ea56e122a5a487,0.2826601464938475
ck_98149ed45d38c4d3,0.1789038876994004
ck_0e719b3a6906b8f1,0.03935262176612483
ck_0c6e7bd357e4a348,0.09009524936148296
ck_d3b2b250da61db19,0.9630997859064196
ck_8bb6b0a292754576,0.3714111915233936
ck_87d70f5fe48a6128,0.08977679104137146
ck_ea9edf9c107d429f,0.06325211927380732
ck_059806c52cebe4f1,0.49704014509170125
ck_a72d6df666e1c21c,0.03647277395894671
ck_1d2b80ab6c4944b9,0.06838243194240586
ck_60557f077abc42ca,0.5098409574975643
ck_e5f5cb7dd6ce4a37,0.22829003289011074
ck_4c4a939154446053,0.042081162394199026
ck_50ede3eb561a202c,0.11668711956140906
ck_6d03a542922b2ae8,0.15829964187927512
ck_d6fe761ed0db3270,0.1202795028832729
ck_7f0cd6ea3096f985,0.009390512577681429
ck_23edb6d938a3b87b,0.04037335659350807
ck_799aaf9f2b9ef621,0.05727468549780188
ck_f8f6a03613b6dda8,0.10426074354830381
ck_7cffb189f4f514ec,0.8834359378395297
ck_c081e1967dcd811f,0.15471282285679483
ck_583d6ca78c97d91e,0.7528203274779425
ck_9332bbc7125219a7,0.0723004955399617
ck_956b5af6d7d86c65,0.6624400713643253
ck_2d634e3f24681c0f,0.24745045733370705
ck_7b35d218ed0c5a60,0.1653449872240118
ck_ca5b1057f8248f73,0.13777317250570462
ck_ec5ea81cf813597c,0.24062580707285294
ck_eaebaf4d28400fb8,0.0638454432550339
ck_ae2ab6be219219aa,0.06597102715190421
ck_d99a8b4c820eb46b,0.021431485557261862
ck_bcfb7ffb7cd428bd,0.13664781981897656
ck_3dd542c2d31be2c0,0.06658750333498502
ck_c7dd84401e29a7fc,0.0239795979258796
ck_c4bcc7cefd40f8e2,0.06716264473027497
ck_c251898b5d51e3b0,0.2554680596112983
ck_36d37be780c1291c,0.06569340872737868
ck_99b4f266b61ae7ee,0.07769606494672303
ck_c37f03995f0f0169,0.010816923530099462
ck_65a23ac8e44eb901,0.0938227499144011
ck_644b1c1149eea9e0,0.15847157505171577
ck_9cf44eb0237c2429,0.0448704923938652
ck_20541686a94fb71c,0.18139537843217066
ck_c18245be844680f3,0.2308461672447114
ck_56de216eda6b7fa6,0.06218479396299452
ck_406c4442dee45cd1,0.028971056119130822
ck_df1585c7d72a96e0,0.022478107275328174
ck_b8e8dba20676d87b,0.12638821315576024
ck_0ee6965e68efc177,0.1769785332797221
ck_c2a5c54ad8d0d297,0.15976121421349787
ck_bf6fb7e6470e95cb,0.01253111821045304
ck_27fa694569140345,0.03658400719385023
ck_e04166b0ce66393a,0.12584368514293842
ck_8742114f4f0cb22c,0.5256905078017291
ck_6eceeafd56b42576,0.4749893687627968
ck_34f9951b0eca1965,0.10754099123087837
ck_384ccecd342a24ad,0.06252785861480908
ck_49c98bebd1338879,0.0488678261503179
ck_6c26c12071c91ff6,0.03142490032776099
ck_01e5986ebb9a78f1,0.20428911629953028
ck_121db7ba3be29ee8,0.20127696500317369
ck_039e6d5a330cea1a,0.23876855221880514
ck_ae8c9163cf957d7e,0.15759699372540634
ck_3f5e8f3f1df0c8c7,0.18521406788587638
ck_b1c51fdafcd80122,0.23249419922291376
ck_12e2b5ebfe8986b2,0.09472188054449576
ck_d55eb81a4d543c59,0.08662694067979858
ck_f85155ca5c312c7b,0.134851034511209
ck_133d8a1ac7c0e301,0.9527808551209014
ck_04212a9bb9b28696,0.9992585840300671
ck_4cc11c7d3ca61f73,0.04863240069454989
ck_2df4854186ec515b,0.11445236605521499
ck_aa9b28e7fc43af79,0.843858219152378
ck_47cad6c3def4c9e4,0.02496941010092952
ck_fbff7b5da8111567,0.04015331748789729
ck_bd25ea782e375b22,0.17516575822775354
ck_7989376f8cf64a9d,0.11524911761338374
ck_675c0ca1ebb1051c,0.0967053251701321
ck_1436f6e11d4008f9,0.10777861506442406
ck_812cb3a4482cc618,0.14562975109373258
ck_6e606f73a1094afd,0.03149090606408363
ck_1b708e2a4a0584dd,0.11380373990472667
ck_a60d6b324bae0330,0.1603528701843965
ck_706a4f673a9fda3b,0.8456379072306293
ck_a75ece9a9044eed0,0.040958022593851
ck_9aa45c4e03c8c57a,0.27903096843817904
ck_9fe9bdce982b312c,0.25843913559142323
ck_c6fbdc5ba68a8466,0.06416643537720065
ck_ed0cc1b1c28f9511,0.1341010391950536
ck_a4e2607b4c8021e8,0.05236972517356793
ck_e02f93f51cc8caf3,0.06917221170856158
ck_7084ed3cf20781b7,0.1923273780866128
ck_cd4c63155570d6ea,0.0731205636907367
ck_d1b9e5d32d2d789f,0.12323705283199012
ck_68f56f6560a7a933,0.13204379708014502
ck_8bedacc6233c6269,0.08374251633200684
ck_ab7cb50407d6b13e,0.2996223140364819
ck_f17ed7e0fd687742,0.4092058718722344
ck_b0fe4b92fc70f72c,0.06242175193977882
ck_84d62b8196da2452,0.03419515926346719
ck_9e298cae167f4693,0.07545973132038163
ck_405b20ef9ad0ba5f,0.4428028333397781
ck_813e02e1ababd177,0.1387670305938386
ck_f234ab47061ba7c0,0.014323067518445282
ck_22b587c18363899a,0.14572822577984465
ck_4e862c2f48c38aeb,0.030675670735210037
ck_b89cb90a420c9075,0.08643575057021023
ck_be2251640f27a3c9,0.38804606203687225
ck_46bec0bff167ed3f,0.22829894437187764
ck_c0032232c2868328,0.09534331679869062
ck_030cf09525dba4ba,0.11450227468214756
ck_6ecf56236789fc09,0.9809738719195836
ck_38d4ed52cbe6d123,0.13078096066977082
ck_2d923d957ffd4d53,0.09734090741677454
ck_3af1eb88728ed8c7,0.1540129268721592
ck_2f8120ca80a1592c,0.1104992823972307
ck_6cabb1a133f0b151,0.11117997489499482
ck_bb6cf7e7b707731d,0.9412487158361904
ck_c8307fecafa90140,0.20950776319039216
ck_75f968be67f46d24,0.13414681283042362
ck_df6fe4ec5a233213,0.045944109645305944
ck_b53e88c0e927d896,0.03899713271203081
ck_f0093064aa28f4d0,0.1241905701764608
ck_ec9976cabc63ff92,0.10851164469552158
ck_30dac0a58c5590cb,0.6254240995056902
ck_348a525791ae6475,0.1913744744717585
ck_b898d912d1181ef9,0.12406474634906683
ck_f5b1200dc6f95760,0.20024670775671763
ck_54978a073e7a0b1a,0.11477292284607411
ck_55933936536a4071,0.11424450547023705
ck_d6ba7ffd2ae08863,0.2100815223347012
ck_404e2217fd87fdd2,0.04633118892547667
ck_dfaafdaefa5716b6,0.3343554100130937
ck_556c62e92d4e7e5b,0.4782475365443374
ck_7ce44f4e06d58111,0.2389947384959193
ck_465cb8ce232c7670,0.05939813057345981
ck_237508ca4fb37268,0.1278826379563229
ck_ba4a6b9aa63964ef,0.17964658747888593
ck_4802a0a7a1882c88,0.7506967936743341
ck_9478dfe4114c30f6,0.08534063358705674
ck_5138f6c575dec64c,0.1346057397394957
ck_aebb42afe430e2e9,0.03533981199248431
ck_004efa95555437e9,0.05298594741912698
ck_11af112667c98394,0.09253576448865963
ck_44e9a18a8645c9d3,0.0268414231927223
ck_2605fd571219e28d,0.01880383196122724
ck_dfc933493561d84f,0.0916229671956273
ck_67674348e68d1f25,0.13822795351795883
ck_dd97429277a2fa00,0.22204411487766734
ck_d3eab7a06eb48348,0.13786298354568435
ck_0b9fcff9667ec05a,0.058773767396060474
ck_fc4bfd6e739bddea,0.030714308406940977
ck_43292f70a03ddf2b,0.45179720234853327
ck_5ff6108056a3fef5,0.14143248842110237
ck_767e0be086b5f601,0.2512473925060391
ck_b8465b1a5666155b,0.46072399879031334
ck_ab2e3fc56f5b3aae,0.540093875440343
ck_1833c81d693c1e07,0.9660399913982725
ck_0308e0602b856445,0.011947737753137249
ck_ccbdfe744acff8bb,0.058175470538539255
ck_b294aa27a0b586d7,0.07460249826453866
ck_a3747201f377626d,0.9741264210975898
ck_edde1d7d1db24725,0.1903235000502174
ck_ae3b47d6e1063704,0.0481085151056744
ck_3aabf5e0f4defb41,0.1807617998842767
ck_f034adb57391f3d7,0.1499630481822685
ck_533672fb40531607,0.38163405915901466
ck_2a244f1ae08ef83c,0.13626610039495937
ck_a35d81bcc54ece2f,0.055897397081698844
ck_78a61215675b38f0,0.10060819625796089
ck_e013d88ea7939616,0.1466922629032086
ck_e5018f9418e0102e,0.21594533287522977
ck_d4e024fcda401a31,0.13709466750961213
ck_f736cffbdb82db34,0.008558815218035374
ck_1507f5aa50cdf3a0,0.10145488694340872
ck_18270fee7c8fcee8,0.15966326239833695
ck_95ffa1a805a1c9d1,0.06757719972179736
ck_11132d245b94d045,0.060826664589904156
ck_7b93a622e40d8b14,0.22837290269516497
ck_3854c08d17704347,0.268706473980928
ck_7717fcb100dc4b5f,0.12619319912419374
ck_ba54e0a1c328119b,0.7389467286030185
ck_a7afdac4ecbf2de4,0.6565541040722755
ck_ecfb771ed2352085,0.14481923518827014
ck_68be4fefc85a6b64,0.771850589630244
ck_dac7c50bd6d0148f,0.059791401164693815
ck_87cf36a03bd63c24,0.29066488732834833
ck_8adb40b168b59d7c,0.22046478715543774
ck_8d2f62930777416b,0.2508304451874294
ck_9958b58da9e3c21c,0.12412450547353746
ck_9440335375701f44,0.18688655991621653
ck_e2f88e202b6f700a,0.1883485094944008
ck_4c7c50684827a2cf,0.08520232818482062
ck_8a6ea4a79b1c7a8e,0.05798851814339396
ck_186dbff4b24a3bbf,0.7182754206800747
ck_220fda3c11c59b6c,0.3353925143567192
ck_3acccc69f8b1fd14,0.29127600098794604
ck_9de191bf79afd676,0.04728981365985702
ck_6de6b1663f9457f4,0.03217831951089844
ck_062754f8b79b86e5,0.036532624459838035
ck_aa153a89a52f7eb5,0.19789462731083574
ck_34a6bd3be642f15c,0.17240298002656743
ck_9371c700d9830326,0.1672592851696429
ck_a99e0c258ad7576b,0.05883240543749548
ck_0a7ba51d626e932a,0.11688134276551379
ck_852c50bbba1ead13,0.22333180092205732
ck_43dc13b6b6d31297,0.32198481694770725
ck_7d81b59d615a6649,0.18960188471712985
ck_39a3f1da060e88bf,0.1536275720774021
ck_6fb2d142c09ed3ed,0.3470661483147376
ck_6e5752b87324b58c,0.16440737886656914
ck_9441d48a12e8a4bf,0.6047633000115039
ck_09e9c51eb538b255,0.15156026176227788
ck_8d0cd981ed3a183a,0.23805071605755665
ck_57c07c45269ca8c0,0.1662375027681632
ck_ccfc9ab888ba933d,0.09643836163409195
ck_9658a6ef471053f0,0.07049702281724869
ck_dac3852758f4ea89,0.015203494706071664
ck_b1ed2278f5f14d82,0.23641067247602335
ck_333544d173524f70,0.15954349334034706
ck_fd4582e3853ef23f,0.09617988755621272
ck_614d936cef98db04,0.03865935738751465
ck_6bc351a3d57aac54,0.15289050788470807
ck_af5842fa7202ff25,0.11575227871680953
ck_81307759252571be,0.1074946228852851
ck_b4d2f02d2cd45720,0.4543676524596237
ck_1bd753a4681946c8,0.9658277785661238
ck_46d8c029d46867b2,0.03562480831757335
ck_b7da6640fa2f49cf,0.2958151299755872
ck_9ea3d5a5a91fef9f,0.469428471559089
ck_7b922518f667f76a,0.008687923508959056
ck_2a5b31594206eb30,0.6294461558426186
ck_d9506476ad3f9e08,0.07019419424235068
ck_c8791f7ebd4d93c7,0.08856021066080651
ck_b5a3e20fd210017d,0.1433415936912274
ck_8e54386f4fe22cad,0.07896179160312795
ck_75296704f5806f56,0.2523618218971894
ck_0fbbc7a6af300368,0.03743770578013399
ck_d19bf4dc0627113d,0.03313514456513445
ck_7951bd4eb99a0175,0.018209078537252395
ck_059e4fac6b7f704e,0.057662927024838
ck_2ce8931af02a2ce3,0.05969822986695558
ck_9e665618a4860306,0.09850641416869951
ck_6fce5a893613fd2c,0.012111943527421
ck_9e3fbd04e3532f32,0.4522963937570766
ck_55f2ef0de3420e3e,0.14730528215869845
ck_8d87658a6f5d204c,0.8704558561366466
ck_6d6ac1f5dd882aa5,0.022952125955683605
ck_55d0c7012d7ef236,0.17563756724147872
ck_7738eb085e5753d6,0.175681881941005
ck_0e6e05c3cc8c8242,0.088292355608842
ck_8d27ff8383d48132,0.01775451168495859
ck_9afc3bb849f3a64d,0.19618783307819054
ck_27eb86a9898cdfe3,0.013910416459988766
ck_1d40e4fc541abe93,0.43035998043430945
ck_4fd9dc00e1913587,0.9549783714132014
ck_b26cdb2b7b165d2e,0.15944847271414117
ck_a79a27767a02e31f,0.08189696751145278
ck_f0c18cb9f951a71e,0.14288982038155087
ck_50460e0189de6274,0.9551153058174756
ck_5e5280539257c986,0.095338521924228
ck_eeb854318b3a6f0a,0.060850698772085675
ck_943f66f28dd24750,0.03015836518833849
ck_984dd7452aee372d,0.3599139862505417
ck_ecaa6de0aca5e9a0,0.41228295459063424
ck_8f1cbc432e2774f8,0.2138585360351191
ck_d91d9f8445b9769a,0.7219769893166703
ck_73c18e03e3c7612e,0.04612285805892186
ck_aded05ada490da20,0.1318111330601669
ck_f744e208183971f8,0.05535139881591067
ck_02d4cef6358ad3b7,0.03958109342387098
ck_08ff5bd467226a5f,0.026256155430382212
ck_f824b326d5089885,0.6163064203767771
ck_3420f2fd520890f3,0.06152902267236547
ck_1838cf8d00f5b1e1,0.061985178247086443
ck_a85182ad90b6f1e1,0.007243810593989122
ck_fecb39c82c43e76d,0.0814188348511502
ck_162513e73782929f,0.153370905693469
ck_2c27b77c59d8f23b,0.4552365503764759
ck_4221e07b17388fd3,0.3433204365524311
ck_adfb8472d5c3d669,0.08399982050778787
ck_0742fe64055d686f,0.04684789645243208
ck_5060aefcc8b6f958,0.08575455123493941
ck_643f549b4ac78a26,0.4641581776652062
ck_dba767885bd6ad69,0.09867213967834705
ck_0dda35c0c64c7073,0.9599704155810103
ck_38ea56d43afa5660,0.2124561553776425
ck_d813e15ac91f487c,0.43639525467903045
ck_4c840e5585a7b167,0.5734941202579381
ck_cb8551453a7bb929,0.069739772207197
ck_05a00b1dd5a03359,0.06186600460668268
ck_837cc7fd48453a01,0.0791323934623418
ck_49dd816b31fba6b6,0.5355021891837601
ck_86a61d9a39768e87,0.17936207796545023
ck_cd0e76f0e7bb38cc,0.12428399000298715
ck_dbe58392635133ca,0.08064231244454632
ck_3caec7dd6f8d02c9,0.31009525236391955
ck_bfd9bfc5b6ab4a54,0.6628200417486185
ck_2103399bdb2898a6,0.14932945337399192
ck_329f7de7279e74c5,0.16041558046265844
ck_9bf0d28119fc42c8,0.12607940405986087
ck_f781539b1042dc83,0.020087727804806717
ck_9986c7d781ac6b4e,0.11919854624149756
ck_a627734880aca848,0.027068632843076215
ck_2106e509d77fdb4a,0.43744142890504045
ck_420d1a9c604293ce,0.11016731514405981
ck_fce0610c527e2b56,0.06888991668905015
ck_073da541ec3f9d3d,0.2175793887028242
ck_aa5f3ab48c17fed8,0.38737449622206094
ck_0fc1086e1c9e04b6,0.15258591728423332
ck_5c33bb46c1a5945b,0.10769200630383784
ck_500948a8d4bd8e13,0.15949063178342063
ck_19becd44f2c3d2b5,0.1958200324931272
ck_7d0fe77dd5ddb656,0.17158413846277557
ck_f158d9e5f101bb35,0.1479942464056905
ck_cdd7c77823c2257f,0.34941391364167357
ck_6c7b41374f9b2e55,0.08930824468368026
ck_417090dbffb1a63c,0.12604160733904957
ck_dd0e17605f970319,0.10319091634708662
ck_3646515079e6be55,0.08031834887176163
ck_89c8b06aa8c84b2d,0.25458942997521505
ck_e4d6dedd97233c07,0.13746035107213422
ck_bc82fb1895fddde5,0.12646448792167017
ck_88a8b1d442ca3686,0.10082087212756037
ck_5791f8f76a629a4f,0.205803019732895
ck_9cf5e88e97c8c7ea,0.14826623079051887
ck_58fd684aa5a6f289,0.05394387981134537
ck_9800c21dfbd8e811,0.03922020208286589
ck_8ae64df60ab6ccda,0.19004334506591147
ck_e535fb0f0c00418d,0.36040775593412966
ck_48011996d54855ac,0.8772478007816099
ck_ac79c72a8fe3fdef,0.3712031004194326
ck_b8cc2df5192bc49b,0.09134644175128212
ck_e96a5e1f08f8a867,0.06233669584163944
ck_84df6770549e43fa,0.1286491184911616
ck_e5f7b99ba6ec5767,0.3553637277067638
ck_8347455ab53ff620,0.04534047849611874
ck_a84f2cdf695a71d6,0.05774933537078523
ck_90456160115f9ef4,0.05342554807464334
ck_ebd178b3f3a9c50c,0.09761752427227587
ck_e1140be6157bacbe,0.04621559291975272
ck_744ffc11d32b96bc,0.11114771119494056
ck_e12a9f7d027e3387,0.13277806363412883
ck_cbe525da0b69f18a,0.16571019022387593
ck_aa59702537557ff1,0.28565279026352774
ck_0348cc6908f7f3af,0.022068743978804865
ck_120e995d50956bee,0.14828738124079568
ck_9fcde1ff46cbbea5,0.04080366781038324
ck_54b0b070689c50d6,0.04242683487364942
ck_966a167758fddfd4,0.13060670518793774
ck_d5194f2e92fd6427,0.05112812933810519
ck_2ee84f3fa27f2cb8,0.06990163436885509
ck_57d0a7eb7eae2eaf,0.22438504296182063
ck_6a2c4edd82e10969,0.03900782341974622
ck_96e4d38ef670eaff,0.19602273239307813
ck_52cc2fd5095b169d,0.12680310056593155
ck_4b088920f3a844c1,0.2251187488073679
ck_8f3ccbd20d59f1f4,0.03632062613147843
ck_e5e5dc431bed6f9d,0.12304412543802566
ck_e8b5bfa6838e28d1,0.31786647625542197
ck_4bfeb78b47b7c6a1,0.1473821443296788
ck_a705c61bd679496f,0.19106098979049907
ck_731869a0c39cb2fe,0.17293902775793374
ck_259eb102342057ea,0.12357122616091724
ck_47a6005fabc33551,0.014505169182447685
ck_682262b455a9edd4,0.03365675433488379
ck_e839d104854945f0,0.09652119606222191
ck_761989aa4c47d746,0.16154854424987683
ck_44211dc210139ed3,0.045940087306315644
ck_9915ceedf63a5289,0.390999825615884
ck_da59ab47cb6284ad,0.023692854472407057
ck_e5cdbfcca2456652,0.0730560653253038
ck_13f2560c6a1ec62f,0.1903146406985122
ck_a0543e9b3abe1001,0.23283447368632493
ck_11c7a58e09e6547b,0.3078426386206861
ck_69587a134d43a4ad,0.6319188112082952
ck_28dc0de0ae291f37,0.22683516976910037
ck_298922703c5bbe05,0.0969985722942288
ck_fa5ba9ed9ed6a343,0.22242203531024898
ck_c08e64d424e56c05,0.18043068097281684
ck_598e036a28262aeb,0.180389751216672
ck_3f7c870510083a51,0.15112608590920157
ck_364f8203a3e98d36,0.8739891706953414
ck_7333cedb61506ead,0.10505381561602668
ck_1d96d7fd65f208b2,0.16094883648675012
ck_63133a79f23e2627,0.43848153416619434
ck_901d820e0b72abae,0.04015517173559835
ck_5dd80b3c01457bd8,0.2019624896944962
ck_c0b8067c144ed6c1,0.1295393677119833
ck_cebb8aa8c8f62c60,0.07753387206608049
ck_79749eca42ff1f5f,0.13250824210995668
ck_2cc1d9b587f6da31,0.3851610104118195
ck_ccc7916b56d42195,0.08723743530171846
ck_e43e53cc7b8b8e41,0.13998918208853497
ck_4ab74a6e7450416c,0.0673304015818288
ck_6e44024e9de301c6,0.007410560397184556
ck_dd78cb6ae2866cc6,0.09948931888676488
ck_c363d3b050baf3b8,0.2658882745347226
ck_2d46291975f0dd08,0.05525012691459377
ck_76ebeb5aee42f041,0.19884316304914684
ck_8395f004cf4d4c08,0.06038849547040228
ck_de7259c3741db179,0.08426463483924561
ck_3938e92585df2b34,0.21859094898923034
ck_af69bfcf4f07d932,0.11431434298026213
ck_1723900ab9afe374,0.2964824254429128
ck_3d58628d1c853c8a,0.1359618045739568
ck_12a074db100481cf,0.2713095475497703
ck_8716cbf892c50e29,0.30384767261330126
ck_fbf7351958ad9615,0.10355392757799001
ck_a50370907e6b397c,0.35435020278815
ck_937402a60df0821c,0.008982425702800554
ck_8ce9c5807acbef48,0.10126335655554197
ck_acf7d65eaaa4c31c,0.04058192072226939
ck_ec3eb6dd0967cac5,0.03539070794159169
ck_fc832b0c90c9bdb9,0.8786439698601819
ck_8129e81cde280131,0.14551211564958533
ck_52c0ef68aa2fb8cf,0.17899863980782799
ck_06f042e9b1b662fd,0.2175816111232444
ck_0bf35dcf7b38f650,0.03378535835753049
ck_615763afc2e17a7f,0.03402090228077383
ck_e72db9d4b2fc9997,0.9812394359053404
ck_13757bf0eeb353e2,0.06749722443224734
ck_abaf371ec8249c4a,0.33483757858260366
ck_9b7167da0920c37b,0.35704044772757204
ck_2e824b0b27494a17,0.17075590942001861
ck_9a0b605e9c3220c4,0.15496986915792899
ck_a5276af466b681de,0.02256313173873013
ck_9e0383e1fb6e214d,0.3230585276544843
ck_6a27c44b691dbfac,0.04271951068144841
ck_af39767cf583905b,0.1576388918715118
ck_243b1b9fdd3f9a74,0.06424245711724848
ck_c0422e638a9c6046,0.18708734647090963
ck_e0f3ea3373dfc4aa,0.24465151437016425
ck_d56ee1654378ffc7,0.0824634636662974
ck_20cd2f5666719baa,0.017114693831666975
ck_4dfa1c1e9b69fcc8,0.12606744125220923
ck_5d22e9ca1d15180b,0.8283431883146326
ck_f4a7ac178fd55f0e,0.08152949175234797
ck_fd5609bd23a1eaf8,0.06791242151822129
ck_49c3bf13dc9471ce,0.12131190761312775
ck_724085c3452d4693,0.4406840554447986
ck_e5d1462846154a75,0.22650073261513198
ck_c69ef0f3e7d6acf9,0.45504279679383763
ck_a2d0417791d4132d,0.0746794837638391
ck_00a07fc2a9183c3a,0.03891521813222874
ck_781b8288e54ba8f8,0.18895279636139312
ck_d74a62ab3804a81b,0.08929084831181255
ck_abcbde211b6267f8,0.17264110949437284
ck_16dbafc035574654,0.17715638692787192
ck_018f780215ecaf38,0.08645923522836961
ck_0b259620eac51618,0.09005904006658356
ck_4f875342394c110f,0.25386173337031603
ck_399e45e5fe9beaee,0.14971847968352098
ck_36224a2d394ebfe4,0.3450509227754717
ck_c189b551bd111332,0.018157682130450544
ck_125c5a720ecb177a,0.22477838551921672
ck_76d010aa02eb477a,0.027206343473900087
ck_1071d14c46c92379,0.3294796096517791
ck_61d244b2cde483af,0.10875430235772846
ck_2ff1860da2004c84,0.02836066993574822
ck_c5b583490198672d,0.15423801556796532
ck_1294f7af22fade11,0.1950927926111231
ck_e3a22799716df39d,0.04429399694300941
ck_c77e22834ef97005,0.8474326434721662
ck_73d3689728270a2b,0.03752512950487062
ck_295565fbf77ef885,0.04670084389694869
ck_80c0a7f54ff4895d,0.06122544284660092
ck_f1ef5cf7f10b16c8,0.15495096387172191
ck_a958b2461ffc21a2,0.4884989018913663
ck_0e7899a57cd617d6,0.013036997037731982
ck_9d4fed252718f58a,0.13223566289564068
ck_83c2c34add971d76,0.07508292763803853
ck_9ccc030ba2de9fb2,0.18467943550410496
ck_cd691e3466fb3742,0.027344530853228844
ck_49df70f908dfd069,0.46821010956498504
ck_362ce13eec1e33a0,0.04182427835156161
ck_2452a30397dfc54c,0.1454244351600053
ck_a443d49c2b4863b0,0.07604824441014593
ck_c8b2e2cb349dd0ff,0.05862783922223904
ck_354909fecf5da8cf,0.0952857328948816
ck_841f598bbd54c83f,0.20668163939397666
ck_cd6fbd4e8724f994,0.04602004105962336
ck_e0b3158111370118,0.13434707477511704
ck_4c2f2eb657c2c60e,0.08962356476906586
ck_ef346071f0b7654b,0.0975439261326866
ck_f3bc10e3decefce4,0.02638856533052802
ck_189b6fbe9b9192e7,0.07836982102347709
ck_5245cbc5ff4d4fa6,0.05367344441512409
ck_cb42e3be6fe87f60,0.09571723803312499
ck_966d4d713cbc7792,0.05165066731230103
ck_1c8c969667cbaab2,0.8754488097059152
ck_d35e3aa9ef5d405e,0.4465621021342204
ck_a1c39df50a5873b3,0.13336434755396642
ck_a152165caf295b51,0.17181609666509243
ck_891eaedae139828e,0.0898241391567726
ck_1a46b56f4734d52e,0.1418630223132281
ck_5e36042cfad96c99,0.646777626113734
ck_02a8582c2603e675,0.11623084918370732
ck_6def9d0429e4ed4b,0.11796339405117108
ck_e137400825a1e3e6,0.1141466711997503
ck_d91ab840848a54fc,0.06854796130063719
ck_becb6e1c608e0078,0.01719323321294144
ck_6fd8c86ac719d7eb,0.4124061637108456
ck_3ed4d13f12fd9d0e,0.33366673214820924
ck_007337aa99a4891e,0.016529398847743505
ck_60c3d8306527a08d,0.1377659676666316
ck_95458880a54df0b1,0.3568518956718897
ck_b48cd8593533fc1d,0.9306219797946894
ck_021c6a4a7e3f1f0e,0.02701309688425545
ck_764d40f865e710af,0.15023496531820604
ck_4b84357ae8ec7777,0.11777925041663939
ck_3397c7856b4669a5,0.028054807887509376
ck_920bb003b42e6310,0.04059164912978776
ck_8f59f11b512d5b7c,0.197178878218613
ck_a3acf4b986afa98b,0.4581217466888903
ck_e89d25ed7bdeeaea,0.03005652602789786
ck_70e6bca473bf6902,0.08589407174934044
ck_186161ce152836f5,0.08096926371507601
ck_9191579254663f5d,0.12134276507649788
ck_1e6628879e9d653c,0.11931988273400723
ck_b498fa91a0776ff6,0.10544964021299798
ck_cfc2384f22954830,0.16366214097156098
ck_17673a1c2867888a,0.03759815114280894
ck_523dce06515b072d,0.07612471489940152
ck_c20638a325ead2e4,0.07155701427873064
ck_d3877e1f907cc148,0.3525554025222033
ck_e9a2495dea8675e2,0.11224053250682822
ck_7e561caa5fa1f3f1,0.20735707342682447
ck_455672e652fe1abc,0.9643230617578726
ck_7f8f864fcc90ca82,0.1933335600729666
ck_1ad36046aaeb816c,0.058530036849717956
ck_de056e37c82e8e00,0.13032118770984585
ck_7484c214c889fe7f,0.28329866562408573
ck_32430e678c4f9f53,0.05507897177222593
ck_6276ece8f80ea799,0.12846101179245542
ck_ae8e5dc4b725bc25,0.33267589558038174
ck_f01be92dc78a2dc7,0.15759721312525085
ck_233397a8bd40d38d,0.097965707616794
ck_f8124911450fdf31,0.9048611781816022
ck_aa0a3179f1111674,0.059499822863299724
ck_2366b29ed9887a5e,0.0272133760522056
ck_1f22f04dfc08cf27,0.1283893561298189
ck_b62276c3426d680c,0.1709032518735868
ck_d099fca88691f66f,0.21136382107686424
ck_166bd1dcbaf4d6fa,0.04648174046416528
ck_7b1660e942436e12,0.14467287837570517
ck_4a9a791a1d409a3d,0.20753265051199937
ck_b003e5b54df65db4,0.13235948315550664
ck_64b4dcbf436f0b75,0.05696614496023334
ck_26e9a7bb2061a58e,0.1168357883767129
ck_08b77ad5f8f73007,0.07311852796402943
ck_366616a725afc6bd,0.16351480197866147
ck_934fb5064b6eefe2,0.027724618363272006
ck_c6abd5d57b1009d2,0.04079057667571404
ck_edcfa9e1cf29d813,0.1542314517552733
ck_c30201ebd003fdc7,0.09858887549473969
ck_c54643d94d3ce355,0.3275863000483052
ck_02adda6e91e49650,0.2943616784157443
ck_5b73d7c5255e58a3,0.41622986744423796
ck_129ffae92dc01408,0.018425149417996882
ck_fa321945ebedb916,0.18542579615881488
ck_8da980cb2e1e2bfb,0.23514150820522225
ck_0576b00d728bdf19,0.20935687523600185
ck_c543d82e22b3c8a5,0.05481942693643462
ck_0027ba644f9ae2cd,0.580950714405435
ck_8dbf61df902a6bbc,0.06636523554049839
ck_90eeca1cda79fd41,0.04923837963526691
ck_86d7127391d4e01f,0.013641508665808705
ck_73762038c7ff2f6f,0.04009975936488445
ck_a1484e6215fac651,0.5563108739346703
ck_cb83b9f806e90dc6,0.2387275578209185
ck_8c6f059c95872126,0.039598034173007494
ck_3174419a81e7caf2,0.07984069650896218
ck_6a0f8f8fa4a3c2bc,0.15668958733788294
ck_b5777605668bfca1,0.009416932158219246
ck_27e4de495abb4d15,0.140817320352604
ck_7f6fa79c7a107161,0.10181138279338862
ck_c36ed9f8e6792ea4,0.19027288042804827
ck_67a1aa88d2ea554a,0.20011980114758401
ck_09748dfe4df3d540,0.06733340885753007
ck_27fd85b1e38b675a,0.014174513303623777
ck_2369689bd795ee10,0.07207231899809093
ck_4eb1c12f7d092bac,0.02360004209269498
ck_01fbafc42c8e33f5,0.0807918120705181
ck_93c4e05699b3b7d0,0.09586774797072695
ck_afc484d1b6907983,0.08801533944631441
ck_1b2d9cae92a1aab1,0.24722867314190983
ck_73b729cb161487f2,0.06460136742393494
ck_fe3c1d0ac090d960,0.22656496372815751
ck_408efac1d3885ff8,0.22688375630335436
ck_ccb4dd9d0a48a76e,0.07116249885760804
ck_2987eab34ca7805d,0.21988573914162352
ck_1dbf1f15193197db,0.21599346638370592
ck_4ed711fe4053e74d,0.30404294057034864
ck_6c54adce174f45f4,0.053443913332294535
ck_a6c740041faf0bd5,0.12983285729119942
ck_b05c4d33c4f43639,0.18843322063970488
ck_032880f1114dd51c,0.15408676977592675
ck_22311b037456a76e,0.026695804066602668
ck_5866b413549765bf,0.06802660530376209
ck_0e808afe2570ecac,0.1654586979145553
ck_634276b05f4381f8,0.11377113632405618
ck_5d8773badd0d4740,0.16330303537649551
ck_82b5b79ce3517102,0.9437919281864314
ck_b378b8d8100ee4b1,0.15714665951567686
ck_54e581f71be5430d,0.017097394890968575
ck_798ba4b8aa544fea,0.036799590194524126
ck_3fe86b6331ff95e3,0.42329311454612195
ck_81275d9d4c559e6f,0.06666984978016782
ck_99a4e5ef02d89493,0.29137882677432875
ck_54e2eb018d947790,0.3875295279505306
ck_966901ea9c77cc02,0.09031622176513554
ck_27d69ff4e0cb428c,0.48438635309887645
ck_2cee2dd7bbfc09a0,0.9613578165647663
ck_4136b00924695ab4,0.022268802096576803
ck_59a164c40c03a45f,0.27021061597909457
ck_3e24b026bc66789b,0.05392123998211953
ck_8105bcf69a75ee47,0.052448969877074106
ck_7a1782cefe26a456,0.439231635943447
ck_970c7dc195161272,0.013911511055880227
ck_a48ec0c00ae20e82,0.17537843470056866
ck_54b374ade34e1dc1,0.0510110924376309
ck_74e5dec189761d14,0.05515358520350275
ck_4717f24f2c6f40e1,0.19917463718227557
ck_fc8cd8a8209e802d,0.09633542315964488
ck_71db4131d7efe218,0.022383809622161025
ck_45424ea6f0bc4650,0.3893663669936767
ck_3716c6181a5035bc,0.07460971241811952
ck_26de14b96bdad4f6,0.07609431966412473
ck_99c0a41ac9c73857,0.02705637260494633
ck_645f15bbbcff3b4f,0.8633585616848437
ck_b7e25ddd41514d4c,0.15051215079035687
ck_d5c14e877ca7b755,0.07600287005273353
ck_05ea4440dac6cfad,0.07291631337515045
ck_c58bafff7b1955cc,0.08815626316822396
ck_f0cf85b67a9b840f,0.052615037399436224
ck_ce1500a7f0d03fba,0.12052158760962227
ck_d4972a775aadbbc8,0.03756283775075481
ck_3eb6146c262e0fc3,0.036534925620261775
ck_afb23858a4ef42ed,0.9922500226331238
ck_2c1def5c91c52a5b,0.432968518258842
ck_72e550559487b919,0.07893581359099619
ck_0284dc2b4f856b3a,0.7658363733960272
ck_03be334935e999a2,0.0690186711344459
ck_e35a4b4a3cb4cedf,0.06819171940319714
ck_5abe57dfff4b735c,0.3322116187146469
ck_f5f87f772388efa0,0.12377991093969824
ck_5a22cb36d612236e,0.12721515845625658
ck_8ff1e6028e764472,0.5814811037258593
ck_2ab28149b0986642,0.2676380934611658
ck_c88fc1bac79fa6d3,0.28617617476714724
ck_5b137d74bba6b1b4,0.02369003607757341
ck_11f362dca2dfaf5a,0.12023175691163908
ck_7f960541e5174565,0.06677960030776979
ck_d5458ba39ae94498,0.18301755063886418
ck_0a921a73a90c2e39,0.25626528787719643
ck_6ad56ef40086dbe4,0.11659905318543601
ck_b68199ecccf2350c,0.08877181654751419
ck_6dac66c8198c07d8,0.15482803410631255
ck_9b9ce7bebc235fe8,0.014036627575122572
ck_6b817117d87063a8,0.12813363378230247
ck_900d62b3184378c7,0.0304650173394022
ck_eafe9b89857149b5,0.17381839854617234
ck_e74716a525ee5b24,0.008022556868014858
ck_4e9a6f06ab134102,0.1252859876370334
ck_b0d33b5a3716661d,0.15359950930936397
ck_8703543bf3134306,0.10131764354999853
ck_923d6a0f83accef1,0.11941816718912815
ck_52e37e2170532e2a,0.43383655568581475
ck_c1c5ea839c58958a,0.186840410037841
ck_660f0006780e87e7,0.08311331079692134
ck_830b2c5d1818ac07,0.35775510561425683
ck_b080ff636932d1f1,0.0379264072548678
ck_38730aace405f2ae,0.9994168074348113
ck_9790138467a06223,0.012913345781977403
ck_10de0b0d86b17839,0.09352622266144575
ck_c3e37a4d3382c32e,0.03879094674548299
ck_dd8edfefa1eba531,0.019691937304189364
ck_8153cdadd300d234,0.02509754301326782
ck_74d0e7c2c6b63d36,0.9379412139229243
ck_c478aae3031bb328,0.03709905993073407
ck_cf301f2194975866,0.06925656228743529
ck_f4de03f44e3a5bd5,0.047007210931982325
ck_b06ce826e593b210,0.29665011858783424
ck_2fc70b6baf6a0e26,0.025145529154328335
ck_d208494cf5c90047,0.23558354024523195
ck_086d29ccae565e5d,0.07504321216055171
ck_d5ef6dc116dee408,0.12240790627034821
ck_fdf0c5b722d83464,0.04746743460171648
ck_de8494b13adeffb5,0.05164574469302603
ck_556786868599143b,0.15830882690006928
ck_4940e78cbdcfecf3,0.15417698325741486
ck_d32fbbfe32c00416,0.06838364765987834
ck_bc7710f7e9fae649,0.03700030376402871
ck_416f7ac57da081a3,0.11401644347340704
ck_6fb39b60c67d5475,0.04811445958871813
ck_e40a156511345d6a,0.023305632538987372
ck_49ab879b5aa7fccd,0.2440133332694912
ck_bb643194d1cbc47c,0.9937574667026048
ck_b3ce8f1bcedfa043,0.05397933419754444
ck_558ebde8c29132a4,0.13697413370015366
ck_e6222925762273b8,0.3506596720028949
ck_bd80546b4807dd59,0.09778882498076283
ck_bd21164bd2bbb635,0.18025458417242868
ck_ea835557d7043667,0.07176595944490856
ck_1411a80a157ff39c,0.1244963295001458
ck_ab973888c20c9120,0.22701827436765362
ck_95b48972061abe82,0.095158620323273
ck_fc4a43f8876bf10f,0.7868707801391422
ck_f34fb7ccf82f41e5,0.0827905877040471
ck_5af9934a56801ac0,0.05879024742817952
ck_fc7445ec76389a58,0.4424585068977924
ck_1eeacc26f02fbba4,0.31890849189557546
ck_4f325dd15c9bd45c,0.2303987120553883
ck_5009a6c8bbaf15ba,0.20822700755261841
ck_0f3de7f074bb33af,0.03101212037970588
ck_2cbc2f93a32eede8,0.22022871255185875
ck_4bb90a61c21a303b,0.12478767105740673
ck_3ade9eac7d7b0dbf,0.41560307540749275
ck_4859a58629622915,0.44138250954477387
ck_5fed957287ebca03,0.06932005429097103
ck_ec01ae5351500355,0.03164585889087618
ck_703b41624ae6a5b6,0.04124128521805903
ck_97c38e7f61c27e47,0.05229556831007857
ck_db2c0908150cb2cc,0.2487864582069607
ck_64ac5e6fed86ab60,0.8191479942448738
ck_da1c853b0a061e83,0.22537863199493208
ck_9a36916b60178ded,0.9652420719522967
ck_3715bfa7fed2c675,0.014338113897732586
ck_dd3feb77d7d4f6d3,0.427450061235216
ck_982ebb24174a4ade,0.11567032800680142
ck_f6b7a10d47dd9a1f,0.054791291460595117
ck_1f56fe99f250cdf4,0.1915992055293824
ck_deb3ac0606d6f6db,0.06301523996594492
ck_e666629e5a41b39b,0.04469100812745101
ck_756d2c13d02b3e09,0.21119712614869085
ck_7bc752ae7cf5d55f,0.18043687879453235
ck_fc0cc4b25e6a8194,0.09043870390793116
ck_9b2b0e286de78a1b,0.11199645725946938
ck_24b0803447211bf3,0.16597789408211946
ck_82eed68d05a42128,0.15543900482647885
ck_c8a03c516ed5b05c,0.3607457664423711
ck_e914974cee1bccb1,0.059274511075093586
ck_0c533ff2d0f9962a,0.18355540249720315
ck_c12805fa5d970a83,0.18011685175486497
ck_fc2cb29918631f10,0.7206799385875698
ck_c20e89afe575549b,0.07487313037624661
ck_e1ff9e31becc27ae,0.3284081817008455
ck_18116d0ac08f1996,0.9850240505829045
ck_885a83975cea5e64,0.0932188316046464
ck_a0c3059a959ba5d1,0.29694919511642826
ck_75257ca7d7da2861,0.09682026464138557
ck_2210f7a0d13bdbef,0.09453656846395982
ck_9cbd9ecf8374f65f,0.056471958653226476
ck_18f67c00ba21fbde,0.10653822209379857
ck_2d28f14d3973d8fb,0.039444296214703765
ck_8b3401b44aaae728,0.07484945322680471
ck_9d8e9ef37797d3af,0.7099018304186567
ck_9f50920c894f64e1,0.07033943983928012
ck_4737e0d56c6fa0a1,0.1569365149566677
ck_52c311f29ca3aca9,0.014632916720258151
ck_6a4981bc721df37a,0.18483493975921936
ck_823539d936c55fc6,0.02725160261203883
ck_df5aedb4118020bf,0.9730760838717822
ck_a911a066ff0f7b56,0.1949351675451574
ck_684609767df4a14b,0.24367350696006573
ck_f2350bf355dc919e,0.2994464529299623
ck_8452b6cf97c65a5e,0.07112838972804128
ck_084cd84501012218,0.9281603867555491
ck_ace6b72e5bf3e93b,0.22447755629817637
ck_2afdd69094c955c5,0.3579170171986406
ck_fa7d5be26bf7b31c,0.24381897094048582
ck_4b041217690fca2f,0.16618879688853716
ck_9fb8e3d38cdf276d,0.8131893563194331
ck_c1ee56d65a42f59f,0.1455427888329815
ck_fdeaa1cd085691f0,0.2268118502486919
ck_5de33a7a87e9aa62,0.2639999424704943
ck_7476e7fe1ff45545,0.16228120604550914
ck_b0a947b498e47018,0.061556223849489666
ck_e3894ed88a7977e4,0.0599436593946893
ck_c7e07ebfb0bc15f6,0.1838425877157224
ck_3a3daa8b376f2a18,0.061821417955084515
ck_87809324c2675b0a,0.07008341546452133
ck_7eb4f33260f1dcd4,0.20106327501747853
ck_ab9f0e08af030060,0.10707752315090048
ck_5b8fc4a76f340797,0.19491990021229066
ck_0e7bf10ef49aa818,0.28706671356591085
ck_a44462a3853ac67e,0.9936880742450345
ck_2d14bcd2e0fc043d,0.029480984853604578
ck_df1f2dba802296be,0.9287220018117408
ck_466a7316eaf149b1,0.29230420783619937
ck_50df50af592b0c06,0.17671678133377047
ck_5f9e34c849704b95,0.02615263187034636
ck_7836bf6def26aa87,0.08682841239802198
ck_ba175b1bd8efaabf,0.21793682584338367
ck_1a0aac7f7b94b1be,0.25145752060181054
ck_6768c4b2aa8ce586,0.15204846192025556
ck_eefcf0ed15897898,0.10273590091714686
ck_7a6cb27e390b6ceb,0.10109031286193942
ck_5275be4e1577c1c7,0.03530761157457256
ck_6bc0e5b8c0b7d2bd,0.11324949974789414
ck_4874bdec79f9106c,0.14773726512638924
ck_a678731156ad7bd2,0.516493926889606
ck_db906debc36a5d1e,0.19717795052973874
ck_e87897767c612942,0.06351842708426719
ck_45ed5ee496ef8a67,0.14571872829411853
ck_ae20e28f9854f3ee,0.13360812754546694
ck_9ee044b73943a90b,0.12382527715944179
ck_dab34cf6f0626c9b,0.14101504248482374
ck_64a02b7b96149810,0.05987187421253031
ck_c417d06f3e94685d,0.0461604225451479
ck_3e0149cdee4cb294,0.33398896464833533
ck_0e6046fc30f81705,0.18690231957083941
ck_c383aeabd53e9c89,0.3180841653990534
ck_2ef76f1f36e8b869,0.6532889814881218
ck_43948784650bb9ac,0.08776177541514457
ck_bdb966f43ac350ee,0.19375757526262072
ck_5bea0e0ee0b094cd,0.09668091227009201
ck_dff090f03ca5529e,0.07523697548367597
ck_a4691b57f837d88e,0.08938231702558676
ck_99ee90946395d74d,0.7784208640896129
ck_cc81dbc83a8879fd,0.09731107385343074
ck_f3dc0725621b3a35,0.01268260537723962
ck_1bb212d1288b9689,0.19542382327112912
ck_9e7278fc7679f002,0.25975750311127443
ck_3ded7a8720d7e311,0.12299584016350594
ck_798157bcdb9453e1,0.02711221845916918
ck_9fba80f56f357fe1,0.10035540379438669
ck_f1e1c8491f16f912,0.032203784328802706
ck_7b1319a5ca2f63c6,0.9706206892894781
ck_124432fd5c92af7e,0.9496467331008577
ck_148cb0c723284dc0,0.0513801356733378
ck_b56c62c950eda009,0.027419957518333316
ck_a0498755cd8d7188,0.012473114326126317
ck_5379452a9d74efae,0.02800193942382369
ck_6c2453229d608183,0.16606743395738946
ck_f9d8b4813a88c1e6,0.0408642991063558
ck_c2c7d1e45a521857,0.1439523653265447
ck_4364a83a11743888,0.06997505023273884
ck_2cdf5fd97ba75e06,0.48383562535260166
ck_71bc01291e0533a0,0.2569039558046774
ck_a725d7aed2a0bdc2,0.0279615249785096
ck_a9b0c4dbd7db6a91,0.09121175626650789
ck_a4258806a533efa9,0.1503629373310682
ck_905e460591d9a278,0.4520970425556741
ck_20de8abfd8960ee3,0.09511348630805343
ck_252b0a0f1119b220,0.03305276097556289
ck_95e4bef65c36af1a,0.013913877370778854
ck_5ab68b434ad53fea,0.042879580370990496
ck_13677a1957078827,0.0688691374780417
ck_d251e9fa09e542dd,0.9998489360548732
ck_700cb620f300dd47,0.13617569537504037
ck_39a68c55a1bd3ace,0.6236755923931557
ck_61a59a7944d6c53e,0.528122546644514
ck_db6d1c6d31da967a,0.04135112172405826
ck_650020c500b1b50d,0.10910962084889964
ck_d812eb6930192793,0.02473053813672556
ck_92f6ebc11ebca89b,0.3400993423590471
ck_d87e26eb5bc84b01,0.04234484191933154
ck_66439e697695224c,0.015840315397169784
ck_f21efd504faa654c,0.10427894099161879
ck_15eed0f5652f0352,0.18699965363365215
ck_bcdbf57d98dc0d27,0.11224926679089693
ck_873ceb8004d3a9f7,0.08998376455123913
ck_70bef9ddd4bab005,0.03292631848099886
ck_7560f1891d66f294,0.022452747265346584
ck_f439f16f8693883f,0.09997326014379157
ck_14f9535e53f9c7a6,0.11088436690097148
ck_5984be472d2bc267,0.49048594171334503
ck_ed01be7504dc4187,0.19919872711862957
ck_dc3d8b5c17b67ae9,0.1535816127052099
ck_9dc23031b6b494af,0.2251187488073679
ck_fbdac0221bc03f66,0.1492915495140796
ck_863708a99b92ef0d,0.12337814819841143
ck_22b52654776a1ea8,0.7142651485120504
ck_a0714f98001efa0c,0.12634071027916774
ck_9c56114f84e9a541,0.10497062337072117
ck_e155cf506b2fb699,0.07482905027538492
ck_65ed7e72f24731e7,0.049490278310947496
ck_822d6e8e43befc72,0.7792168411234944
ck_b1182471d9ac6b26,0.04912552903552896
ck_821446adc95e6da5,0.06180633404626388
ck_ff182f033134dbb8,0.2406866054547188
ck_9c5feef7647b0588,0.2796835832131713
ck_df935d8bdd44883e,0.12970557807769337
ck_01eb24c18ad11fca,0.3071841327823889
ck_00d6730134a1eb51,0.2289408428345794
ck_79ba8e85678d0224,0.14753807902908397
ck_97e3b04a1350f6e4,0.19779832922578364
ck_74e9747954a46eaa,0.04543535856681761
ck_397d5fcc9972f909,0.18551280858379
ck_9ede89e8a43c3f53,0.3466497603637345
ck_303b33910d67f306,0.03756108518511469
ck_3c17841636f6f7dc,0.0787103196310567
ck_78730527f8ba1438,0.647330602355865
ck_5ee32bc6bb5d1d4c,0.40433386750924427
ck_a13fee8cd925d0dc,0.15103555078181494
ck_6f847263379f2e43,0.23738773928983975
ck_9b9d9e579e7b55b2,0.23187625879411836
ck_87c1d0a79e79c84b,0.15653006174160924
ck_bfc453eabb472f91,0.12978038580031936
ck_978c21bb5fe3171e,0.11496634493422878
ck_dd882323474431d4,0.15900887121308813
ck_533c4f7400d5ab22,0.35058511837470197
ck_5f217bfe28954e75,0.9508321373968411
ck_ae96d35465b3b4bd,0.15276910210872557
ck_512ebe97c0af94dd,0.1699536322017355
ck_f558fe02bb0219b8,0.15810640339952012
ck_84092e23d5ef4d51,0.21065296359217536
ck_17d3022ca12eacd7,0.09597401977704063
ck_8a8f81bf3558fd9c,0.022034172703758206
ck_0ada6fed1864e7c4,0.1312531603443186
ck_21fe7bc59dcd78fb,0.07942244146293874
ck_e136e20c1c74fe38,0.10270904575755367
ck_e7a530e09d113dd7,0.17532398654962794
ck_7cb0c9ded4d63027,0.18768655115273658
ck_102db9615e722c9e,0.28248867965683633
ck_129e39ddfde92eeb,0.013706070456637848
ck_d730ff21bfd7769d,0.09289581906465953
ck_54459b45d2be8459,0.1519634222969509
ck_7f1c20319eb60aa6,0.9975950210886418
ck_939fede90473e412,0.05994170522835062
ck_e0f9506a6d5f4a1a,0.03692652609472225
ck_9a4967cdf49265cd,0.75824162676454
ck_b9eaf03453ac7d5f,0.08677170059096112
ck_522477be6376b450,0.0450853108476794
ck_9b6282e3bad50710,0.1890561084591877
ck_a0e3a2facd508e49,0.24756605601652112
ck_97ffae702f7c3d08,0.01686391832634927
ck_344a95cb7115ec67,0.16000346726938194
ck_1f2760764afa45e8,0.016366788249524266
ck_720cd658d11ea428,0.2660505829189124
ck_04e32ee9834c088d,0.640072067356909
ck_2bb1389e5e72c8f4,0.09163560168188091
ck_961e7dbc217cfbbc,0.01783616948125101
ck_f3bce4eccfa6d6bb,0.05738804680458586
ck_e0ccfa0d689339be,0.09570547971059072
ck_98217aeafa0bfefd,0.16781266590418775
ck_a02aeec1914c158a,0.11969400849463144
ck_20a17e8f206a14c8,0.43136197480761374
ck_114c32aad4b6183f,0.10480188999503351
ck_79f5198f0decef20,0.2267606510650253
ck_2209de229b4c71c5,0.2119089591439768
ck_6ee939b7f396975f,0.08452466359256013
ck_202f0c14b07ace01,0.08908649941471754
ck_fa24db9d416ab904,0.14596983232473765
ck_cf6aa24b92c4d33c,0.7395332549201696
ck_45f57fb8194cefc8,0.08391375758513771
ck_d5eb179dc45394c6,0.1410656115821321
ck_efb24be983342f75,0.1034512980629601
ck_245f5d62ead5ef28,0.09788814180631235
ck_15fe2a47fa7e92ea,0.022174379304701723
ck_b6527a85fd682554,0.2662155262798177
ck_11f9390a11ce9ff5,0.13886163113644867
ck_ffb4d892c5158201,0.0129544065794468
ck_d4c1da5a1427fd6a,0.22617577001903394
ck_2c041b1efb1c5063,0.0807147351953531
ck_ecc18f40b33be769,0.3149671750952661
ck_0525349f3945375b,0.24302055195702
ck_0bfe62e0c7eab9c9,0.14028941986886134
ck_b7c37d410b1646c2,0.13068099415523124
ck_4b15b0746318cf42,0.37834445583994347
ck_e5ee006ecd8ff661,0.09442695864884584
ck_ccc83cf66365357b,0.1956880554025316
ck_34a33ffe8339f66d,0.928055008042147
ck_4e39e3b165edab58,0.8622010142392701
ck_1a71f8081ae00190,0.7915098687169786
ck_ed8f1200fc049c40,0.9366866183308787
ck_8a5a57858e8c77f3,0.2304676602331594
ck_fff9fdc2adf5100b,0.8053395102517856
ck_c76f1bf40f3b787b,0.04364598109807252
ck_1a6ddfeef82b1b1a,0.10779019735922638
ck_478d2667aa9896d9,0.13753554892488032
ck_641c8e7694b21f3b,0.15973416989110015
ck_293581d879f6663b,0.9138082158168163
ck_1bfa8abdb22be8f0,0.10723825365140055
ck_05ab5b03d0bf9ce4,0.6206780467701106
ck_35694db37f0cde7a,0.028638915835900426
ck_fe33eb743d714c03,0.13058749800627223
ck_abd10fbcbaf2b038,0.08275787100304946
ck_46d51648c1bf80e5,0.45009791580484315
ck_5c8390017fabfaef,0.16730836965450627
ck_87d55ca333f22072,0.04607156865160994
ck_c39c6a1453e2b92c,0.014092349396694789
ck_69ff1b0aa143a168,0.008237081323664958
ck_e57c79eaab35ded7,0.019900003242146882
ck_463ae759e2b6ad1d,0.08075677643661497
ck_0dae4a7eb587f3ba,0.13123926988361007
ck_9b12fb56529ebc4e,0.15580881639744903
ck_1af547077ba2dd03,0.48421733238147857
ck_de13de941bebc7cf,0.027946600705190002
ck_83dde7da2bf647ac,0.029736337054477736
ck_c80a94d4660041fe,0.3882454345438132
ck_f39cfeb277ef6528,0.0038726488700751896
ck_1cec1ed1512a2d3d,0.007583918309940744
ck_7955a359b6448799,0.02205951817500026
ck_8c0955dad13c3ca1,0.1996324521313819
ck_6d4cd2de601a2308,0.0677556239523032
ck_f4536ba8dd2d551d,0.09230236831545754
ck_b379c198d6db2d62,0.08730951914116092
ck_76ea90ebc74bcdc7,0.09198482987197272
ck_734f06bd4aa92781,0.1366356548902091
ck_677e1d0c14cbf569,0.014960887277084679
ck_259271c70f3fbcbe,0.19459283265236685
ck_c0b744eb9e7d4eb7,0.10966373754040255
ck_3d41faeb96802f68,0.04872932376911276
ck_8f604fa70fc3c8e3,0.0640449308084499
ck_0b3c3bea0e0ed339,0.06326023442237658
ck_be5df076b8a86409,0.028191256665720997
ck_6a475fe324d7d790,0.26971606110015045
ck_3ba3fa5387bacee8,0.007509520410156972
ck_324b9939d9c1c31e,0.08077739665727517
ck_a7fcf7b592f68ca1,0.2039033444320805
ck_5b2728f7cca414ae,0.016151347325635154
ck_5f4a25ffd0b85a47,0.1462135389070001
ck_63d4f5076fe4406e,0.025424738104730938
ck_af528d66c86f0cb8,0.05491727571353037
ck_ac7cdb9b8da7b5dd,0.0994848009318976
ck_3bece63711407e25,0.15764166998789975
ck_d4e0b2a12fcfc35e,0.06730398791741647
ck_ee3e7c9d3a9c74b4,0.27815943197670634
ck_50d7c4dab837bf66,0.07956079252463683
ck_ebcb93a2990fc914,0.27030941222242366
ck_2329cc9702cdf7a0,0.16436156372339175
ck_db1fa53d588bf99e,0.11693360551870514
ck_44e57a0bad5a0745,0.0669903558263494
ck_472c81a144f4631b,0.04639093549437926
ck_1658429acd5306ba,0.08852381144468585
ck_466103ec5bd9444b,0.22775402694456487
ck_9757163e25262b74,0.15796565068362642
ck_34ed59bc2c9b0186,0.0635547548232157
ck_b7bd3a7f263f4f29,0.16901347677237077
ck_149662b09d632e41,0.08739848424675573
ck_a9ffd6b3957bd41e,0.010868458915309171
ck_ab80466ef615e85c,0.037959943359569766
ck_f2c824d3473db24c,0.043196550655970986
ck_a4a01fd45936b078,0.1260604548573198
ck_8f6ce158c2902877,0.012480389278822552
ck_5189a302cfa7cefd,0.019990805898836093
ck_430a3d03be588201,0.11777628026940228
ck_b5f9dd00914b4db4,0.06358077087350879
ck_52dec82e9cf6135a,0.05455811815674562
ck_95e444a01e2ab4a5,0.3152862666771881
ck_e37cee7b123692af,0.09336698581037085
ck_d68d42858a55adff,0.11122635613633214
ck_3abfc010091d679d,0.2950869512855113
ck_cee4e4e1b62bf82f,0.09005300806356885
ck_9ccb17c35e636c5e,0.03451624128020269
ck_f72a5a3b0d6c1177,0.06963332539570319
ck_7508aa554fae6afb,0.32477920930495324
ck_003aa842b7ca1d77,0.8949918542123676
ck_83b2b192f41ee2bc,0.4540275106852583
ck_64796b6b2c3c7f06,0.068659970660223
ck_6438ae81d43cb196,0.051115406260028244
ck_2bd73d9098504760,0.056577159015327304
ck_aa8b9b36a099e4c8,0.19172164455571844
ck_e5ece47d0dd10526,0.10510075555346968
ck_16077ac345472e6a,0.18045054525808932
ck_a4d6e152b0076964,0.09393645714431333
ck_d90b1d03ae151f62,0.2034797051377416
ck_18b36d342b530af4,0.14261965746348668
ck_2a01e610348b84f8,0.13686151740916075
ck_0a93ed76bf36c8b6,0.10721800710512598
ck_3d56b477fe2370b6,0.1666622895078901
ck_17ab3068fa303682,0.05286019692687506
ck_592a3520d841d11b,0.10716819965623295
ck_84d07028b5fca2f6,0.1873549415735023
ck_f4a2bb10afa85743,0.07328426847897127
ck_4fe4b072f03f2c1e,0.0259046765157722
ck_9ad08fcc183ea1e7,0.037249586850185874
ck_130d3848b9dcdb05,0.12384459911852447
ck_bb399ed6bf28c230,0.1742485584538229
ck_a31a64a39a2c4941,0.09532332593513085
ck_c49f25dfb39909cf,0.6253493235903964
ck_55f50a9ae2db8ff7,0.0369239780639788
ck_09faa4e771cf876b,0.06507893325535467
ck_df520a7a6e405889,0.3685221958858542
ck_8c8c98cc694ac900,0.16631866597397463
ck_7f0c4f609673ef62,0.09050318954941305
ck_f51fe59cd445d2cb,0.10847499941575711
ck_b3fb83f0d772a831,0.13109672057676092
ck_d6e7e257751c299b,0.04143915278911297
ck_0d362ddb4a1cb6d4,0.1477174865648774
ck_a574a08edaf81781,0.058139693952943515
ck_a823f5bcb0e4b9df,0.029127799110755255
ck_f792586ad0381eac,0.18330873504900488
ck_54bfd70022c66983,0.10847051156108115
ck_fe0a9372c9372de9,0.29198487664266315
ck_5691cd6fdb6d8147,0.09248506109859725
ck_a95f212a02433d23,0.12163003302453267
ck_f5adad75e1c06731,0.2844137409343175
ck_e09c97520eb0533c,0.05208260326184083
ck_a1e13c0d58560340,0.029209453867508717
ck_cacc2ca410cbe80b,0.09836791245512136
ck_c0dde2a6ef1e08c5,0.03161991185327372
ck_a04403073c90ce38,0.0383868815131407
ck_03d3026107175dae,0.11589052182532891
ck_50176dae5b1b716d,0.05771817325221936
ck_6c084bfcb38e96c3,0.1597225886334203
ck_36d2be9012f7909e,0.13272804752559053
ck_958acf84c6137a22,0.17588681404072537
ck_114722e12db90a73,0.09327363424153594
ck_203c2a22c0c165ac,0.23554017841130878
ck_2c44ca550e5cfa82,0.13519866525858143
ck_df0a8f20ab8f14f4,0.09408176689098284
ck_826a27ff7555192e,0.07624992352441592
ck_09a988ebcf062297,0.18962114429991883
ck_5c82444b3b9160ae,0.10427430252613432
ck_f6a4a7ed27fe76fc,0.26966358441833
ck_17de46314b5c6a92,0.141472289681592
ck_335e63101b1e6c4c,0.2892652174930149
ck_c5eefc0697451de9,0.34788565019770945
ck_49a0efb5d4067b6f,0.4833567019674447
ck_c1f4509c8f5dac5c,0.12710944665848617
ck_57658eda1c59bc52,0.025812926996308584
ck_0d5c0736ec76385a,0.011910395168050158
ck_e0239e6ae30795a7,0.1769149992632418
ck_e4459115cd8e5e4f,0.16491308542851066
ck_bb4aec09d4968dda,0.4426155549390399
ck_a1b4c96faed3e0db,0.15023696890914898
ck_8247b79ac67aae7d,0.20571508400213176
ck_fe2fc7d6e5d83f09,0.10975178735629552
ck_f6aea576cde8d592,0.11583397689739651
ck_b7e7f7d0cd886412,0.20804848193874337
ck_ca7b993e8286af7f,0.06054970759781188
ck_47de038381a9cd65,0.16387620997881616
ck_d38f941d09eec820,0.11663651337390145
ck_d9ba2a6c0d926b4d,0.027165275583333467
ck_cda72f597330d0f3,0.12481421943058903
ck_16d2d27fadeeacf7,0.07401746672327138
ck_be05447853d423a9,0.04879347845752714
ck_cd92852d7376a4a8,0.03578629626350875
ck_2faf7ecccc9fec58,0.00755336036037059
ck_db8733fd92f20cd7,0.08501751726560844
ck_a9989a3a94c26634,0.1580653083341922
ck_957fb25437c75e41,0.28351680738216894
ck_e6a6caf6e7de17c2,0.1422682732891556
ck_f7bc569b37e8bdda,0.16416737866597444
ck_703b375dd86a6124,0.07238665526945495
ck_d3cfb3603f2c6ca3,0.3370836950173882
ck_07cb2b6f2a4303e1,0.12480569979334541
ck_31631e2028d4f855,0.15609152943672916
ck_1631bab0ba1256db,0.1024949825972303
ck_5fdafeaec036f016,0.08348290384313087
ck_6eda4c36aecad602,0.03148218368776435
ck_bd1bf9e3e29de281,0.4005076426095174
ck_bf378ea558a4125f,0.7320164650100028
ck_7aa2deeda0e57412,0.9361013281330658
ck_d229cf7f5a3f38ca,0.098752166137421
ck_9e109edd124492a5,0.025039981142122417
ck_779491819995625d,0.30350407442239435
ck_b89c6fa2ad0a12f5,0.1561227452660944
ck_1d01b4a609918c4e,0.9266078257702586
ck_714c5d7cb17bc9f2,0.07426308589462964
ck_269f1746f2609ed4,0.02324148877007896
ck_4be03a2aa62b93c7,0.019363796372390205
ck_cf920313f6dd28fa,0.16697167093686552
ck_fb00aae4e17740c5,0.07923931937939126
ck_085d8c42739e2b10,0.9946162830017035
ck_c72a7d0d03cf3e17,0.23400225462555338
ck_8f6ca5d3b17eac6e,0.07971144753296078
ck_d9573100bbff4014,0.7716121238295226
ck_79d6793d1d0cf43c,0.022703948306725286
ck_91fa5032f7aff0f1,0.40225455017571027
ck_87110d84872c0fed,0.1219588536507193
ck_8220da627e9992a5,0.05864322962618193
ck_2ae44938847f3852,0.125022785815068
ck_b0f191e44f9b6f35,0.1666594484505559
ck_3049d744b527f4d0,0.07622060351730968
ck_47d3e8d1dd3fbcef,0.17053621073263714
ck_ddf787359d2b5deb,0.09528754720685127
ck_b27a9e39726b26d9,0.08483364565021637
ck_80c4e9274cf976b6,0.9984327992300244
ck_c6afa913168ce8fa,0.10955381750832183
ck_52427b3f8478db19,0.121084697982168
ck_3b810f15ca0eaa55,0.10154351454137105
ck_0c9e420f97baaa06,0.9427704930586294
ck_f8540cf3a8b2f8c9,0.22837290269516497
ck_1402d24dd623df72,0.07447244540970681
ck_eb4f4267e24d042c,0.04467995492809778
ck_6f661b428d6fb8e4,0.09544124351795889
ck_519a26ecf3d29c90,0.04291209083600649
ck_e886ba71d4a6fd73,0.13472713518720084
ck_437f9ecd2016a1a8,0.05750090382012225
ck_f01af1b0c977cc06,0.12145902660416073
ck_614f777c2eb5d537,0.06305547829260791
ck_b804e784cde9af8b,0.0987396985497869
ck_c2dccbc1b24b137b,0.3316016002373424
ck_1df4a1781a0f6999,0.1659083453218506
ck_bd2cdd53fca26171,0.06019494535749249
ck_424c254249a109f0,0.18305815176202936
ck_cf2ca4f286e289ba,0.30884274593292205
ck_6c33cb15b0d8af54,0.12249012863593697
ck_311d395fa9b8550a,0.1600976129716678
ck_9f792e7e721ff7f1,0.10256258209392215
ck_4c37586080edb7fd,0.05530306030635908
ck_7c4f42c5397113b0,0.05478200548194136
ck_fc418f53ce4aa579,0.9813194462312435
ck_1ba28fb7ef726ce2,0.15586533236230019
ck_d932f98bf6b83956,0.27805145509796925
ck_248b3659a9239240,0.05705104408171025
ck_6a92cf5f4cf5de38,0.08135672547776378
ck_65519d0fb137e0c5,0.0566468781317736
ck_ddc3fc99eaba2064,0.24241645153024186
ck_7310cda3bc65a73f,0.0804489864895771
ck_c01c85bd631d4054,0.0328608816040326
ck_b4954d16b9749829,0.0398883726271003
ck_f301f6758e170d66,0.14287045796392067
ck_9bf95f8c47e7c7b4,0.09640639001084288
ck_c91b7fccf6aeb4a5,0.1518896496453172
ck_785fa45e86bc5e95,0.07072938699580436
ck_2a65f1cc23f1180e,0.029817206805229278
ck_a49a2c1f881a3560,0.03694223324282025
ck_def344d68f06d749,0.12297100039542047
ck_abbd1465fc730d78,0.05885399969023528
ck_07a5610ed28162fb,0.06153243500870512
ck_7ecdee2d7127be8b,0.10934817030124598
ck_67858bc00e81490d,0.019315780689340287
ck_b4ad165ace910222,0.08326216107865778
ck_30753ffe481a1b8c,0.8135697179253185
ck_c401a26725b17177,0.016924517719654496
ck_819988d8a7f26415,0.0424229237186785
ck_3364a1d9261b3638,0.31501910643594494
ck_c484c5bda389bf20,0.03540092060033547
ck_ae416325fef92c9d,0.9568809736450236
ck_5517b9a865960542,0.08171627747896366
ck_a0e96fed380440b2,0.09072979078332326
ck_e83409471d2b0b44,0.17136815355974389
ck_127273af97d7827d,0.029031186049751554
ck_aaa9861c91bd14dd,0.1256275752185524
ck_a378c58294001a36,0.933421093471767
ck_abb9d65ff1f95b64,0.4932104050930994
ck_a5ecbefa849ae569,0.055618502921363486
ck_aa9953c0ca2bed7b,0.05623830166196061
ck_40bc6de252865f32,0.07202477105943866
ck_9fb11688dcfe1513,0.03657442884251089
ck_ba68841ca2ba073d,0.09368999746016049
ck_1d3e561a7d20be0a,0.9896311583405444
ck_99a92d710a29c1d0,0.16324061772941684
ck_ede2e887697ffac0,0.06418375307721826
ck_e6de67c0d82a7b83,0.20964906681240258
ck_6b38763bf5ddbcef,0.22888757328023016
ck_8dd44eead7d765a5,0.06468263474744008
ck_30bf5b0056eea9e9,0.6888244517749379
ck_2981d16f8a51a8ed,0.18104649446829754
ck_fc60f42c68c7024f,0.24231668041987178
ck_8e2b2251ee224aa4,0.1337378389516518
ck_1906f0dfaf6e9bad,0.8560461054894801
ck_dcbe6814fc4ca0b4,0.24855983089934616
ck_f7e958a286ae3b57,0.02059029257306799
ck_713649668a7ca824,0.17386247612705563
ck_6f73cdbf9305e2ea,0.404399302563723
ck_dd1c490050cd9051,0.1631434351128329
ck_e30db36e376606f7,0.6158275380656679
ck_740d8fe8028b5a2e,0.062140976710485914
ck_ebbc9418cd41f692,0.01984670391998122
ck_7b3cc6cc3f250f39,0.17913105770079604
ck_1d30eef7110809e5,0.7856382632430344
ck_77e0589ab339ca66,0.025088211038072208
ck_15ccbf8ff7d14086,0.139924396998079
ck_246989b0c288664f,0.12054927153588701
ck_fc2a6e27b10b10e9,0.04593824303368881
ck_8afc1112c12f5402,0.03871259580990342
ck_a76e8d83b9141364,0.12857833557961826
ck_51d3e8dd7465c015,0.06541132976916886
ck_e7b4016909405981,0.04501912498672165
ck_e7a3cfb9bf908e80,0.21068898883754705
ck_2bb49dc2388cdc1e,0.060881524849196005
ck_94f4266ee7871345,0.11578364950150433
ck_b2c896beec146477,0.13926114449691596
ck_fcf5d4a4748cdd53,0.09484490048099159
ck_fd0483639811f62e,0.6688938454323977
ck_9a21d183524734aa,0.1819164479373874
ck_1df4b46c0a4c317d,0.09165309178243745
ck_638df9e8a22dfe0b,0.15500553384271634
ck_65acc43a6dc3e65d,0.04924022709089659
ck_7c67b73196e3d0d9,0.43376379348326466
ck_b0ee3a98175b462d,0.05793823860256119
ck_20fad010969f1abf,0.007461853652307407
ck_54b087bd873af8b8,0.12882713136111845
ck_8007824431fa803b,0.0204219516837837
ck_23aab322810b9fec,0.07822434289580334
ck_c8001bdb9aafc8a6,0.05579292392864154
ck_3a34c3ac83cf84b3,0.1264831884455603
ck_60187ac2c473a662,0.9835444959846282
ck_6a0ccd7357979f0f,0.18614403345594716
ck_27f20337bef5ffe0,0.1179231695361895
ck_f9fc468915afe49c,0.17336176346913834
ck_1eabc15a94bd9009,0.09808508719524384
ck_26896c494b2768ef,0.06276733119051454
ck_348c874eaf0354f4,0.41001977132745965
ck_be9c46acd216b45d,0.18631582235681995
ck_a3cce46d15cc20a2,0.36616904892222113
ck_70804f60d9704128,0.2528367233294894
ck_a019151ca8e7527a,0.17806071213991972
ck_571133b2aa8ead51,0.1636753261938974
ck_0afa4449f20d5196,0.020718285531788855
ck_4d503c41cf4e5034,0.11901500923467119
ck_d6fb9cc5171e3e9b,0.8967229652958952
ck_05ed92a7c3e10e5d,0.11943892736894308
ck_bfb067986660afe3,0.1994770780577303
ck_c1a31690c8573226,0.06653033943275861
ck_cb88ef3dc1f42225,0.024767179049268805
ck_21e3b3bd998745e5,0.3082893355311762
ck_cf52e46fa54e4540,0.03723041192865381
ck_b72c7ac4208052ab,0.17890683339021118
ck_e6465c56b337e6c2,0.07232754347785408
ck_5f87eb05d18186c0,0.14656102485996286
ck_263f6c5ff26b5e98,0.03947343026524633
ck_e0b7e2c0bbe228d9,0.13331162752373985
ck_b657ae3c146cb7bd,0.05091364977456153
ck_abac514d8167ea58,0.5233267263017697
ck_024dcab126876002,0.24044386031932244
ck_5d8481e2b38bd99d,0.18712356984305167
ck_edf229c17d25dac1,0.27857887873649523
ck_6cb7c97b72d6b5d3,0.21760558122255902
ck_c96ae2c28086a059,0.34381416397898484
ck_2f241b97c0f8389e,0.07506349135425289
ck_9158bdbb63ee8987,0.058914554262002615
ck_e7b40b60786c1530,0.04321933684084771
ck_66d38518f68e6194,0.02527171413953265
ck_8c9b57ad2a991416,0.08367218763372154
ck_cc91bd7152d3e9ba,0.20207563077177246
ck_0d846660c7957a88,0.035819470666225706
ck_60896cdac2212bea,0.2667675792899962
ck_dc4db8b932df49de,0.3304926200498917
ck_2dc31db181150e20,0.0490888290949071
ck_2f138fce1171e277,0.25584672566914274
ck_68b8b859a6ef505b,0.32358533484009405
ck_c3fe0c6c5e1f40f6,0.05817671993926667
ck_15886fe84866de92,0.12521048809577803
ck_ea269b35406473e8,0.07721473599223472
ck_3ce7cad1f69b71d6,0.10617726732998514
ck_054ed4288ee58d6e,0.2939842666487373
ck_3d4913a86f207fee,0.1655448582253154
ck_23ff85f9d2355e8d,0.07150493468617632
ck_d87ab3261322216a,0.01860781314244922
ck_fac046ce336fe39d,0.10218096702392736
ck_beb97e498e6cf8e8,0.21383234683176092
ck_1f517e0ebf397b51,0.10977633971058871
ck_0af57ebaa45877a1,0.15243276308469264
ck_f99bc1732ce5e999,0.21404225605243327
ck_abb056a9deab275a,0.09868095477559032
ck_0bfc394c5faa65cb,0.2749690278406347
ck_ddc865af1dd5670e,0.09415415153732634
ck_68b5542459638b56,0.19796791309633036
ck_0b1d84252c0b46c2,0.15962884616788323
ck_520ec32c4f253604,0.1192200499190513
ck_79ffcfee599d77c7,0.15651089546221023
ck_eb224c0fd146253f,0.12919342362090994
ck_0e477084434da450,0.24781898238465766
ck_07840bba5570785b,0.14375993565222003
ck_6b67fe8e310ab865,0.12272391394114361
ck_e2a1068c2fa22525,0.26961217250390357
ck_b9c6b32f6bd92a3c,0.08777376416115146
ck_c1e7d1021ae58f00,0.03876018056703272
ck_5d7801201749ffde,0.05765455673193291
ck_c8806749e263f70b,0.027772855615874545
ck_c9eeab826781dc91,0.15538054406187127
ck_309a432c160a17b3,0.05764714625903054
ck_b22e3337b8e3dbb2,0.10056482784597423
ck_79c30169c71b8033,0.9032154218600993
ck_5a6593d954085775,0.08210387804313964
ck_70b9b79ea1aacba8,0.2178837825332975
ck_63743141ffa11f45,0.14080510067655036
ck_dfd3dbd0d97a642b,0.16846029828765663
ck_635646a661f05b4a,0.1056424887187027
ck_4b123d6931b6d0d7,0.7679135457998728
ck_f2b0e7a47f442557,0.8899947290516712
ck_1b1df006b81d38ba,0.08728934324126796
ck_360237c1bd30f4bd,0.14167349335859078
ck_5e84bca0e362da20,0.1518376247111383
ck_142dba210ed2f3b5,0.42451626673512616
ck_a3564236069e3524,0.16626508016328956
ck_cf36d8b070ded782,0.16680262595891646
ck_ddd6625c5eddad70,0.030526345781760052
ck_ad54292a0b2f44ef,0.209068477450263
ck_45cd5ef6b359e9b4,0.05964751473841511
ck_982c2392238b7be3,0.7450722965733734
ck_083e4ac78685c3bb,0.14293121461586386
ck_729cc0b46cc2e546,0.8861801397779181
ck_f2b8995fe5402759,0.0463762808032649
ck_73e24f5a8da289b3,0.23764395494329793
ck_bd85f30c36f5998d,0.18560059707524823
ck_ee4ff3aeadf912c1,0.015650488889054796
ck_63d2978706e193d2,0.10128905088867092
ck_6a0684436a1e66c3,0.8384972107833396
ck_182dc4a2f5a366da,0.032748474385586784
ck_e6fecb82fc2a82de,0.15072345214855018
ck_cfb06f07394dfe64,0.02545754358589872
ck_7bbe1dc8add17ef0,0.1793658398057377
ck_5cacad76e02c8e3d,0.8469386202163268
ck_ca68dec0c7df5a12,0.014435197997727883
ck_e4c0fc52c82065d3,0.09022403915477693
ck_f9197b070416f443,0.03940259670859442
ck_2a07c7021b71cf65,0.12004189519169611
ck_4fa85cebf707de2c,0.006568531112001138
ck_0063d2a9507467e5,0.13342855706341894
ck_ec986285fff05b7d,0.03498622418473264
ck_279d43303708109b,0.09494515041865009
ck_a406bf11e48cf8c5,0.4951721221606597
ck_064b2aa3f0bfdb6e,0.09531076593165315
ck_95790440bc4bd2d0,0.1288905189769875
ck_70066eea13b4c34f,0.05941495096185895
ck_19468fe07e26f992,0.8235250085095847
ck_86bfe328e0a533b9,0.856458697906372
ck_ace3b96c977a7560,0.5659669849117047
ck_642344e5c652d8df,0.23470335740319612
ck_074be35c951ae10a,0.11610866492826509
ck_f14dce41036486a3,0.9985195091916268
ck_5cf67a3a747e684d,0.670200353195536
ck_f7285b92648c1c81,0.02091462977064885
ck_bef3193f124fca5c,0.22134894306853267
ck_05c4dcbb45de1f8d,0.044223850535859636
ck_d7c28eaa05bb7144,0.09185716611027112
ck_320df984791a1b99,0.06035174969655123
ck_f45bad1606fa00a7,0.10348569106188923
ck_6f81c199e986d9fc,0.11086208687732417
ck_d0c9633fed57c344,0.39245102349303806
ck_a3c25d6cc7478068,0.18913738770141508
ck_4185506d12cf9fa0,0.024960292558539807
ck_7a02ee1bfba7353b,0.21682507951950675
ck_1b52590757c0fbeb,0.1029586536960841
ck_a0e5656e1cf9cbf5,0.07126263287488302
ck_ace21f6daef94f6e,0.05523710121190917
ck_646d8d0834782d6a,0.5674405311032493
ck_1f136a4476b5e775,0.08577614629955053
ck_325c7643cce02da3,0.22341090324456395
ck_9b5e7fe28208f5d1,0.04689843665735966
ck_05d81b1a150f31c5,0.05387460178679369
ck_0e9ec486bff403c5,0.20262950701843582
ck_ee13c091bc379188,0.16712514854010024
ck_f7a7f8f5903617c5,0.11532080045564436
ck_96c3a3517153390e,0.12441083021667039
ck_538dad7f096458ad,0.06011927313915825
ck_8758fc6622bbb7df,0.12918972685655916
ck_f7e53af3c91fec64,0.14602637525308915
ck_80b50fad7f255e1d,0.10396526581992407
ck_9645e7adc08631b5,0.3658887270993676
ck_e007aedbf37d6ec7,0.21029079276872364
ck_2951d76c41de2569,0.2595725122392437
ck_9439bff87e616d4a,0.10918262999387847
ck_a73045e96af0e4fe,0.10237765798670681
ck_7b382e533e2e925a,0.07949627160541946
ck_730226c2d216cacc,0.05526077214611467
ck_bdf837d761a7cec2,0.6405619285762372
ck_0b34197335ba3341,0.11824401650069197
ck_49170c4b31a20f5c,0.019268948130139955
ck_cd553ba6589d8bfd,0.1520534671929409
ck_56b992c6f136fa5e,0.22181913974803125
ck_8beae3d7328fa41a,0.1582674464417126
ck_1a065ea906ae3d6a,0.027647333192122328
ck_e9e3381d5e0e5051,0.05548142914364298
ck_a6d4f998dadc90c2,0.8264261874502993
ck_d36733da917115a6,0.12936151260944467
ck_e738e920bbd74a7d,0.08368464495497856
ck_af65eb885a51048d,0.015855827596196848
ck_73f4eb09af29b1c0,0.12300372483474606
ck_8fc641b1750a2542,0.23356341735916103
ck_41b954c7a948c060,0.09081284802794709
ck_25fc3010e8a0f6d7,0.02520141163862177
ck_a2624e0387974e0e,0.46830743029298644
ck_5cb9d7b2329d5ab6,0.11505957911622194
ck_6c83aa1d100a7cd8,0.5185209328644882
ck_67025c64588abd1e,0.013721213968527941
ck_f5dde68f6f0468e1,0.0987282007443988
ck_46bfb2cfc29a6d2e,0.10937041945680144
ck_49dddb894d33f6db,0.17291769177474522
ck_f738b633b8862d18,0.023243061116917218
ck_3d6c3c00d854f5a4,0.17281579261707417
ck_cdb8061d8d1a6c5f,0.057520573923370386
ck_5e1b81848718bdc3,0.11888840404953363
ck_8def763034187436,0.21586086032133583
ck_8f8e4fb9c6190272,0.04505682055060452
ck_368b968b5f33431e,0.00894801280476426
ck_ba7e347251ea399b,0.125673922181771
ck_9075432001a64e75,0.13928336722838644
ck_73c5371635aca173,0.9446853411332908
ck_81793387b38047cc,0.04237760301866655
ck_0cf220816e320ac5,0.044789921034822947
ck_820219bb9c761b52,0.8860158412771597
ck_70a932ab39d86a24,0.07236683149356037
ck_2c4be237a7ed79c7,0.028273796489367703
ck_acc764b49ef02826,0.3483829939569975
ck_74c3c3452e4e7cce,0.05897640640093878
ck_34dfb57e5bf31d2f,0.05321719563631972
ck_6ec39903f765956d,0.10584222725454685
ck_5986119e7d81e831,0.10675442784102622
ck_2ddfc948b8eac752,0.6350241504859139
ck_921ff5ceaf40a968,0.19211174816923793
ck_fb3b68b4424b5f92,0.6040333263649779
ck_c3db1b3ad4f16679,0.09984324833222752
ck_124a197be41687f5,0.17299820334187016
ck_c58d9151834f5bad,0.11217754593567913
ck_389607982eb6b701,0.6551170099755198
ck_fb0c138c003e933a,0.03634890263610299
ck_50d0bb7edd8c69c0,0.270236312816417
ck_c6cb651149dc9a8a,0.02184399610171562
ck_81e21354e477eceb,0.17802466453866775
ck_7696e38b3e4197b0,0.19157952892520294
ck_586001d3ed9e7fbc,0.06874070475479728
ck_bba413492dc46f2a,0.10919113720113569
ck_95b894380ad2702a,0.2210899787409267
ck_277621473369614f,0.995032777019272
ck_a50621b5eeca84b4,0.020399675892016144
ck_bfa7ba218b988cde,0.059100263462339014
ck_5ea89567dfe78e4b,0.10434006041466654
ck_6c679602a6476ab2,0.009600936240091054
ck_d3885e286b3b11d2,0.20104345885810254
ck_cdcf6671b37c9c92,0.21357183222970957
ck_b5c93e6d34f8d366,0.04519997855399874
ck_c24f61925dc158d5,0.2940935753504686
ck_cd09375e6c81d2c4,0.17776421508442672
ck_a95afc7a00303a26,0.30120452559585
ck_8e89ca8b39f3f8ad,0.01872650706476036
ck_9a84b396aada3fa8,0.6228771903762662
ck_5124a2e415384945,0.19901266807014503
ck_d66bb1f063357f99,0.05667569097909131
ck_0fd9312411b0ac55,0.18016350532501446
ck_ad8cbe6e27e47ede,0.19616763936288809
ck_8398adeaf41f9cae,0.19564732390435724
ck_dcf851e7bb5855d0,0.048636906493619285
ck_9affb0f26776b642,0.05456712222241072
ck_f0424b3b36bdbef0,0.31406513674456565
ck_66746d1090d6d9e9,0.07641243908645964
ck_e5f8c8a5824db594,0.12291743482947246
ck_3e91dcc209431984,0.23614119734128694
ck_126a82e8d42e5ce6,0.03209369218471802
ck_38e4a74ab256e2eb,0.06507513875253727
ck_1225a97fc413a419,0.11780409795791759
ck_9b5ec0f78e160e65,0.04252864835761742
ck_7c5529bcc079600b,0.06049150703700466
ck_29640fc2fe81c251,0.17230845198013692
ck_160e9ba0a3f7c1fd,0.029692828653040914
ck_bff090cb4ab76b9f,0.031987961260446694
ck_aa06ed358e43db69,0.16406709782760803
ck_7264486eb512d84a,0.06506750086610899
ck_f5a32e6160b28379,0.08430715962779999
ck_4ba8bec14c2217e1,0.10768818597112044
ck_610815786d729d2f,0.29713807159746325
ck_e267999226b6321b,0.06760088389492508
ck_f3996a3c8eea1ea0,0.07511163006238689
ck_e9b75ed7567a3f23,0.09215333753836076
ck_d21612d48bb4f7b8,0.07248837387782324
ck_1f871df76c6a995b,0.3065951254613827
ck_953bd5de48ccd70f,0.9129310117985949
ck_02a9104419a6dbaf,0.17384239489491338
ck_1eeeee651e05d535,0.3303933425108219
ck_e2ab04136a442a98,0.025856381181623398
ck_f0d806624ef3d359,0.09146100679154394
ck_4b68b38c1b3326a3,0.13357013263553955
ck_74e60495f8861156,0.11127853679886901
ck_398f3f4cf05c721b,0.031587222209974966
ck_f761b7650a0c1a85,0.34214446285592576
ck_7dadef33f5e2d94f,0.9170083974226999
ck_6ff6883633b8c7ba,0.014549893276804405
ck_4d2159603045109e,0.11313516413736255
ck_a38bd07a5fac5c9a,0.031267926873709335
ck_f517f06551e69507,0.08039056794633499
ck_a7ea00a1760ad561,0.9612347324236913
ck_31fc51d5a3dfe16a,0.17415756757245396
ck_bac5233623b25ca4,0.10447775047142316
ck_385188ab27784fe3,0.3752174836883271
ck_9947a323bab5cacd,0.3678081310225612
ck_7973edc9f22ee7b6,0.28456634931863994
ck_f97c477986043755,0.03840846287745514
ck_1a3fd2cc4b4de196,0.06183433778568006
ck_e18ac29ea62cb435,0.2523243852211749
ck_9720a472a3e0140c,0.045007645468560495
ck_668c7fc7d7e47c0e,0.22429901420991868
ck_214af0806470ef48,0.0691291738441092
ck_a46c1773f01f0be7,0.4340800531098508
ck_f2bdcfb4203ffdee,0.25264500413167473
ck_40e84e6ffe788a4c,0.12923560204248435
ck_dfc6f5712d8d6678,0.4728201549545242
ck_01ef1036b2e66a4b,0.07874804137562832
ck_3acfec10eec32f9c,0.13944112348787557
ck_084a85145c15ed77,0.07819247687749828
ck_fcdb4fe2f095fba1,0.3727555594986118
ck_023908db0a193076,0.36765195558515806
ck_fec0ff92fd622253,0.05550250321124193
ck_c009c97d5fafbced,0.2579092084805465
ck_eb9f0c06ee017ee5,0.13819333828479927
ck_d7792b429620fc24,0.043970753668936866
ck_5e9e149a3b69c726,0.1442751386125944
ck_ce927322ef8f651c,0.08686195208629581
ck_b8fd61a8e82bce32,0.9602372970079577
ck_9aafc33fba1474cb,0.09320903032710418
ck_ce81ff9b8b35562f,0.11575563417631643
ck_25bfca1d8eaa152d,0.1732967852074142
ck_170c65860e2a7e23,0.05501536669448983
ck_952da7ca9f33decb,0.03281590201235521
ck_1ebd574406235957,0.1210624812841518
ck_589109a188adc2c1,0.04442920310456209
ck_f0cbd5383bb07778,0.11972396062852958
ck_242521e261148fba,0.07175318456718813
ck_509cece86a558de4,0.07163121750076372
ck_0dd7c5925d28755c,0.022696606476104414
ck_a7e669cf1c3985aa,0.06505820621782041
ck_acb84dc2351eeb76,0.04421456726601651
ck_b837c7dac2a9b931,0.11293240437895116
ck_18eb1f9181f95df4,0.04182566677165626
ck_b0b9047dddb1ec84,0.848372218792978
ck_43aa136bdb0a2832,0.5698745589371074
ck_3e47f8c56c811700,0.05199189102335797
ck_77c587d24695ea15,0.2589505865957902
ck_20578ac693ea4e93,0.1724067875940828
ck_b9f6040eebd1605f,0.26841240209785305
ck_ca9d86f65cfdf018,0.14201930837315396
ck_a4fa8833995c716a,0.0403102516927732
ck_f589f1e29301b5fd,0.12928414077035175
ck_961ddb8ff55d868e,0.03749470134325391
ck_5662492a54e6688b,0.28145886644159923
ck_ad48826c1c26eb78,0.8101985613901537
ck_621c9ddde6bf2eca,0.21444787046279867
ck_417a3500b2c717b3,0.17566668317290632
ck_c7e129058beb3ac1,0.21936785737147663
ck_ec1c902b9b9b9c5f,0.36525540148582886
ck_317360ec0a67d27e,0.19478472610855518
ck_3e3ea5d8c4a229dc,0.3508402347122369
ck_d11d27de7bf0b973,0.8966074228837599
ck_d37d56e931105db0,0.14119702413060856
ck_4863077723cd6ce1,0.026332191205267075
ck_479a065d5903e9c3,0.05436363699510242
ck_e66ae4fd586fedea,0.01789373118695
ck_192bbfd0d5720134,0.12217259723473209
ck_3b436cb29af99f3d,0.12831164037392412
ck_7c7ca54969eed187,0.294174416620478
ck_826ee896c9f1144d,0.22808731837169707
ck_ba1f6dd43fc8a0b1,0.06587598558787028
ck_49685deb63e4e8f8,0.11521435353840184
ck_687ab5d5554bfa79,0.332753307677205
ck_41346ccd9242cc8f,0.05088570342507322
ck_8f8e5e2b9dfec3d1,0.1755687144978811
ck_94d5ce61a0c50465,0.20481636474882262
ck_6b954c75aad8c012,0.14759993509453223
ck_748af92828c9d288,0.09950702716044507
ck_dddd14091ce812c2,0.2093169567515609
ck_723323f6870fab59,0.21915965691427927
ck_dbdf8d0708cc6718,0.1017458581918316
ck_f04938570a154de3,0.06872392827366738
ck_58afa1550b3b5294,0.09288062489369749
ck_3b150afde386ecff,0.1824818668335052
ck_666b95e75d99ec4e,0.8199130824223383
ck_e00332597cf1eb24,0.15017350202577873
ck_9a9e3dac79280d7f,0.5983231867417443
ck_e8d37262e859d9a1,0.14025220905279615
ck_895bb39d24bc1c4c,0.10432255545133329
ck_b367449195e36499,0.186004019761739
ck_d23f9a50d1135ce1,0.18696091908614595
ck_670dc4910cf476c2,0.021343704155048424
ck_3ecd8a5ce65e21ca,0.06157133164727922
ck_8584fea2df4c6317,0.1660469413352122
ck_0789ff4562202b20,0.09048142409366036
ck_749e0e50c3907be8,0.03281674336279296
ck_c3ff6790cc6d7e34,0.060637261532903705
ck_75fb7e56432ee4b2,0.12515020126100165
ck_529fc3170fd11abd,0.29007590582976056
ck_34a69b3b4a681796,0.8175526827386366
ck_255f0e5888ae9e23,0.22093559726831638
ck_65be698386474170,0.04912275404567744
ck_5eec9ed855c26000,0.1109750160648861
ck_5ab39bdc9610f6f3,0.5798800653576269
ck_1b5b75762f033462,0.09247933393454069
ck_d3e208671cf37f91,0.861311993395266
ck_5068ee554ceff971,0.17497037685503591
ck_d7d50fb57fcb2d0e,0.04763220033206175
ck_ba6e1115fceaa067,0.13736229467328398
ck_d07bfb16a4a7dac0,0.9541366301804816
ck_ead68310311690c8,0.8694735481643542
ck_ee53ce862bc9c111,0.20976205522153676
ck_97e56e6037024dff,0.10380310630988389
ck_80b04344c98ec072,0.40594251491913536
ck_5954f45a2ab45f43,0.1928468222396535
ck_18ddf7e836256e3b,0.15759471546339174
ck_89a1a780144d808b,0.11289305444792333
ck_a7331e8b808c39aa,0.2128029409205149
ck_a1fd0ad03ff9b776,0.22906212035904
ck_c0cf50eef030b401,0.02663302890986943
ck_074f20921189e7d6,0.06145390890024538
ck_e2aa7be60794593d,0.4758619880040977
ck_72771757dfb7f7a8,0.2577302802916698
ck_a9cd84a6dddfe584,0.13111125918217834
ck_142c00f9f8557504,0.20903972127705683
ck_221b5d40358230f4,0.1751674082204944
ck_a2d7a563f520b7ea,0.22079372465550184
ck_66cd34bc568d95e0,0.1865473935472353
ck_a17128972d3e507d,0.3646594428862397
ck_bda299466bb2136e,0.2241339441448973
ck_2b699066665abe8a,0.08907562274535268
ck_0ac9848bd4ba0c14,0.012428998967092344
ck_98d2f9a6ba3a3077,0.7579106994002346
ck_a872df31b28a5f7f,0.28235469013289444
ck_7e73e1d44ce82ed9,0.10350188146108998
ck_1a415416f620d49d,0.12014488386726598
ck_c95c786d2f8b8edc,0.1278880734777642
ck_e45012f22b7f91d5,0.026415600526321692
ck_aa0b083e2a6813eb,0.18145630922387018
ck_4666232ddbf77756,0.04406218225752531
ck_e08e9c8ec5f23d8b,0.06339657143206882
ck_31d4c0518e5f52c6,0.14851039086068088
ck_c1ab40638f04cb02,0.11621190264597907
ck_4c1fdd1669c7cf51,0.016059869312075602
ck_11662cc7940ffc82,0.20963672775601913
ck_2e679af24adedac8,0.07989065020918401
ck_454b9e21b7f25a4c,0.04770054643229669
ck_355c4f29089731e8,0.8560915499294579
ck_507e40760a24d2d5,0.27736010092694086
ck_0943e0f305078e34,0.9558425781105441
ck_abc54ed7111e9ed1,0.00755698047787346
ck_a60fe02fc04407a9,0.31650125732542417
ck_244b897bb4d57c1f,0.04415828047976402
ck_8c84fcde93a04334,0.5750382556102832
ck_9eea37d2de633b27,0.1422010702026205
ck_b2cb9e6610eca967,0.09422537456766057
ck_09aadb4c41b166f1,0.5770658981027692
ck_8d94fbb4828ef326,0.04313928295468437
ck_089e3a07abbe3b8f,0.05927013614141318
ck_dfee9de05e3971cf,0.058860904159196474
ck_6abf8302ce052451,0.2700373307584865
ck_6ffa90143838a4a2,0.02442950506774538
ck_325caeab5c7a9c3a,0.13992057677399797
ck_1964ee9db929a173,0.9624067876461417
ck_942b95988a6245a6,0.42658564942179694
ck_913ecdeeb8e21a9c,0.056581631475332565
ck_ecf9794349eb4b3b,0.12085113851505769
ck_b6cb8d6ae828eed1,0.3082840735709902
ck_2f82ea66c4f53b33,0.2843423034566904
ck_6e676daa4855b58f,0.12895160242423814
ck_2a37fef48b44e9c8,0.08489514549209114
ck_3bd12d468fdc2450,0.06407046092430428
ck_1a28b6a40a6bd3b4,0.18566420114858684
ck_61b79dec96d15713,0.04328759814406106
ck_31d5e3daced93d3c,0.17616620998550925
ck_e6c8611c0cf233d7,0.032670392148786184
ck_f04761b4a937ac3b,0.05830062759600405
ck_38c1c75cf055031b,0.1797574263967271
ck_59a561f3df01441a,0.12722992738188113
ck_04e40f556a5062ef,0.20082059667960056
ck_8409716d174635b6,0.09546163788236571
ck_3019afee83342701,0.21466865704838664
ck_b51a58e7f032c9a8,0.41140772500920125
ck_5043e474f848346d,0.15630054912759025
ck_4388abce33ecd01b,0.7427150360385949
ck_c93def7392f0aff5,0.5550722385131782
ck_72e7b1acc19df820,0.07692983922272774
ck_f253130dc3ca5b3c,0.05939138348276801
ck_eb264d1b180d4b4c,0.16897133216006352
ck_c2504f5a113433ee,0.04028774291492618
ck_c16ab1e4dafb4910,0.4520135746522312
ck_4bc42878fa180991,0.12321658364174749
ck_1c771a7c78f6622c,0.19806411761086865
ck_d523f0e50a2747ad,0.04599417142430812
ck_9060f4e7ab7a1b0c,0.21353170293811793
ck_6b55ec4e87a5e22c,0.39905047957989637
ck_55fc62a5f89a7251,0.08181364939922996
ck_bd2545c62f258231,0.4646682158948305
ck_1ccdc69d0bb712b4,0.2720119034599419
ck_710f867a3bd5898c,0.0765648289626087
ck_f91d48c40337d375,0.15268948483047384
ck_f76d929541ed41dd,0.19034917970352072
ck_e26a6659c237b650,0.2986093307139444
ck_184983177b73dea5,0.08461205378909431
ck_6d0d081bfa8a0022,0.2032603491489658
ck_2f6e64f638da0f97,0.038673595904483174
ck_15b93103ccd38609,0.11054766579877266
ck_094d10439b7b4eac,0.0816172214956858
ck_d2ca47180a926ba2,0.11900359773333617
ck_a69ca7b9d70972bb,0.05050764043665137
ck_68914e67343a7d32,0.03144495187931317
ck_8176616132458c0f,0.17427660195334538
ck_eee99af3598311b8,0.3564417555930937
ck_94410eedfca91304,0.21348645704075836
ck_cfb11a0a2325bff5,0.07638065753687913
ck_75217ee144b715f8,0.416233833748501
ck_d56fc799542299b8,0.03938361439062313
ck_4c352dd3e7c81269,0.28853004958304296
ck_e23e50e02cb3904d,0.17908319383149235
ck_b921af37d500e139,0.2506816325849138
ck_82181b935360dcbc,0.8862132939879117
ck_22a7cf3b99c5e5fd,0.0729973544110369
ck_f67ee7910d532216,0.0874832771730076
ck_5f48762a14a0326f,0.0250178178170307
ck_1757fcb0e6e3f88e,0.34952169228852675
ck_2c2f080ba185016e,0.1383380671912289
ck_4c25570eb72711b8,0.04807340397057789
ck_a3be871ca22ac416,0.15355459525150933
ck_ab70961e7c6695b2,0.07910901598704788
ck_a1cdebfc42a52448,0.057325246613796545
ck_f1b80b821a20186d,0.1847946116742127
ck_ae668e4564cd2aa1,0.020675388619214793
ck_0e2bc3a5afa439d8,0.15870975934470086
ck_3dc378f37d0b74b8,0.07594919500947273
ck_9f9555197480d1cd,0.0911286763100692
ck_bf4e7d48770a4a8b,0.2939991080308398
ck_614ef655f0685060,0.09089213447202829
ck_04d2ea38ee27770f,0.055467167105372306
ck_e03a9d8ac94161d5,0.034793126658859884
ck_d4007b5b26d9d854,0.014785164050001907
ck_2dd147ce6d61749f,0.11921405241635183
ck_ff45764ea7d6619f,0.2602447810507103
ck_dbc487cb0a6c18da,0.8791410904266358
ck_791d5392bbd80447,0.13481124025632937
ck_b4068439c413b150,0.13462328863328965
ck_85df7b7de9700aba,0.02212648686752158
ck_001e42551cd06e40,0.09032432808661012
ck_a6c02ae50932cd9d,0.03715750448349034
ck_9fd0be2c018ff5e4,0.040095914978286
ck_32a495128395fde5,0.027618129196984677
ck_b6f2a2fd232c141b,0.2284159478422058
ck_28dde633692904b0,0.23281097514030707
ck_a1a93c5f375f6021,0.03889481914056007
ck_e3982142336782df,0.16475701201298465
ck_a9812ff3c111ea94,0.18135173995297973
ck_f04062216f95fa00,0.21673577325917312
ck_7c560467daca735f,0.009770838909236336
ck_76ee10d6e2dba70f,0.4141892941223804
ck_3521243bdac61178,0.16374939219621615
ck_28588fb03b320520,0.2830470242724411
ck_580dcec33ec232b8,0.04856569623689251
ck_7109923fd7dab20a,0.2933996133466347
ck_7c872c99481c1e9e,0.06523392108905374
ck_46f4e1f5026f4d1b,0.015495612004635213
ck_00d1ebc31ec4653c,0.13672540500391978
ck_aac70764dde15168,0.10472427648105345
ck_648c03f9aa4e45f1,0.28973328846496577
ck_5478eb69ef912785,0.2995160849223347
ck_79b8523137bb2603,0.2835570000264912
ck_795c49f312640019,0.018053963261337926
ck_89184bf7b7fe41cd,0.7095622927904626
ck_97d4bd922996fa10,0.14233350476068735
ck_1cef30d08f3a598d,0.012783153907023042
ck_2f9fd36a4a40a6a8,0.03756831553338205
ck_40780fc0f8d6f309,0.15931137388031388
ck_9083ca9fec2a7f4c,0.13930320238072072
ck_62081bc35aa59931,0.08579424626315647
ck_2e1b46c5fc56b863,0.20094333704163087
ck_3d139692c51b604a,0.09432885311538942
ck_b5e54e22e3d6960a,0.08131159408216734
ck_c0c4be3f44311b04,0.04943632564595381
ck_82a8bdd2692c2a5e,0.011264162738659043
ck_bdd2da300b530c5a,0.05206303773390911
ck_ee40498cd97183d3,0.055384216491891625
ck_70b9274473bd6dfe,0.1061688168595713
ck_473d6314ea614b29,0.04607990778873105
ck_7443d6dca8cd1352,0.06183433775909753
ck_3b49768b448b071e,0.19002291000596555
ck_b43f04431c267dea,0.034759181700198045
ck_4424a5223ba2fe00,0.2034556671760433
ck_819bf3e8231f4081,0.23201817174209136
ck_91d417507a8c58cb,0.5179627521187447
ck_e88e86b19cada4aa,0.14878056650606233
ck_59684167f9c6bf4c,0.3401736300988516
ck_d5f5b0dc97b9dc27,0.05223256577314823
ck_13d1b192bbff8f32,0.19914229209020604
ck_b21d8630387cabce,0.034333980411982865
ck_e4ac22046699b99f,0.051956804784017166
ck_74b848064f2ff45d,0.0903117119952536
ck_166aa980cc87fa77,0.15784459310960294
ck_98e337806104dd88,0.12077968015487515
ck_66eb09be007f0755,0.11473404311391161
ck_3ec9b9d8dd7be11c,0.2149752546685008
ck_8b8b9de339d75d0b,0.12211258858040255
ck_6715139e240007d9,0.03191048189767208
ck_a0255ab46e122d2f,0.02348503080911903
ck_66e81a4190c33510,0.09097647599156733
ck_5d75ea4f5c9080bc,0.7849172212707025
ck_df69858b8a8b3165,0.10984098633626002
ck_e15252ebd7553422,0.04478859426476171
ck_34d6d74bb3ed11e5,0.059978901131391905
ck_c2608f78f6851d10,0.5637030934875452
ck_bb99071e8f58c8a4,0.6948414577918735
ck_06010f0df5b7cef8,0.26905494770800287
ck_8c582eb0f6c0148c,0.19335068840012296
ck_0034d010d28aea78,0.1349431567978892
ck_01c1f06692566ca1,0.09491985667169912
ck_4807726e797fb893,0.16371648748381393
ck_edc9668282e3c8cb,0.1883312506598429
ck_5486768475af7bb5,0.8938542696524178
ck_3fb9813849e51837,0.07288385516364124
ck_861af5a9a9a6d619,0.05015883229539772
ck_da39653add0f1109,0.0323996168610619
ck_74a4244eb1f162e4,0.022937746799540675
ck_9a930faade55b8ea,0.06280707586523868
ck_fb6e06ca88519dcd,0.07136917345794141
ck_9776cd8263a9f415,0.17978341171234838
ck_b3dd1198ac5aea73,0.1574819456565009
ck_b6675a04df1a4276,0.10389468391339415
ck_5c7ad6e731b69333,0.5784216968892396
ck_28dc0fdbaec00580,0.40573586385166804
ck_8e7a32f7e3905f4e,0.1121005405068007
ck_8563fed6674afc77,0.06888478415408723
ck_9a2fcccb82da663e,0.12037211202816037
ck_6a519bdac0d94527,0.013110281302905775
ck_a0dab7aa9c4a39a9,0.05272557737825217
ck_a3ce05e9e5e32142,0.09833519124165199
ck_7a7e40ee3f97c035,0.40567749295957095
ck_9e9a830785112a73,0.20838786105114698
ck_ab1bb02f6b189304,0.2425890790631679
ck_7b8cb0f90fbdc8c6,0.06715656434098982
ck_b138fc249e659e60,0.11165678224518677
ck_e73caa3771ec5e0f,0.03948984221176996
ck_18a55b06ccccd88b,0.15206241012468458
ck_fdcb1d9265d8fec1,0.18674639377945473
ck_e21a900556b382ad,0.15170025534076856
ck_c6bf67470f526771,0.08518010109884598
ck_b568ba3837afb39a,0.019772213658474716
ck_a2858979dd5645ef,0.04317134057378631
ck_1da9d40837ebaa57,0.2467326845044618
ck_9341c7959543c542,0.014773218883616615
ck_c8ad86806b9a2369,0.22940662699381117
ck_5c85d93ecfed4b0e,0.09947888370865832
ck_f07b09879d697b82,0.05944501149248644
ck_fe43da07608b1749,0.07299972845464474
ck_4bca22b5926b9c28,0.06625276368968766
ck_aba573aa942b1d41,0.04847811674305524
ck_57c14e32fa4683bf,0.053682547267295516
ck_891530b489ce402b,0.046239387955104794
ck_5e74fdadb93ff293,0.13886176660767285
ck_14436a409ebcc90f,0.14029254202760436
ck_00013fdfa0bd37dd,0.05725005851854748
ck_7dbe24ba01316775,0.2321741551604046
ck_0e3f80c1553c591b,0.11382045708566714
ck_3edc45db58760d76,0.13704035689467944
ck_29076a13f539187a,0.7431045375127542
ck_b1e81b58b9a545ce,0.07567501727037365
ck_3f8571d4f7420b2a,0.40297346468084927
ck_7dff6abe4bd644dd,0.7614183294120375
ck_2884bab237af16b7,0.09609257879554524
ck_231e6dd1fe708000,0.05623864840070082
ck_33ecaa7b892e73df,0.08149482262849524
ck_b109ec4c63503030,0.0628144204883651
ck_a7f522382509cef1,0.044202000251622686
ck_748b3ea941d8b3b9,0.017959988259962662
ck_29f3a1737a2d9634,0.052615037399436224
ck_cee8d42475a0f020,0.03113293141984126
ck_c6b6ebe145a8ffab,0.14293699429038953
ck_21c99e1d6b881894,0.019487311595874197
ck_5ad798286384484e,0.11953887578817775
ck_b621b6ffcc7f4848,0.012954615552782786
ck_ea819e337233475c,0.7694916866865865
ck_9e3896c2668ce06b,0.10641895559508376
ck_501dcf1ead036d2b,0.10525397179499084
ck_8d5eda29a2cffa3c,0.09458804992928
ck_4d3aa36ff83f1132,0.520368166587808
ck_8e9faf94e3e6c757,0.019512642011497713
ck_ce0ec41f96951048,0.2523918977135174
ck_f09165d73ee903b1,0.10107759636306099
ck_a432b1bf1d3b3d5e,0.42361985687552633
ck_ea618f720ff0b4b0,0.08182089040681118
ck_7584e7bd755cb28a,0.10088063981054785
ck_e14681aad43e1a72,0.23054796958915152
ck_5e18870d8e30e379,0.2151812533700927
ck_ff7c26a62bda8089,0.08074966037863394
ck_cc5a35175d381d5a,0.19133498900103996
ck_3c25029e40aa8a84,0.0414944283938687
ck_771247b5bc16c12a,0.02643643479994493
ck_664b5e02759f985a,0.05158554094487546
ck_692a9e8f504b9762,0.01012878952155262
ck_df8ad2deb0a4ffed,0.163130052322061
ck_eb48c0bcd12ea654,0.17296024705295293
ck_7c77e597c951cdad,0.17238009518252426
ck_4f75144c6f3b13ad,0.0926813827087017
ck_1bcff399166d7c43,0.06607409622894861
ck_975c2aa3d4a8c51a,0.06681730243596429
ck_bc6f07b06aaa4ce3,0.5513917275675125
ck_80b072b7f3c7e8e5,0.06447005009871527
ck_471e4018a23b4e56,0.053555895883314796
ck_53cddfba570b4a3b,0.05174708757822518
ck_630530e50764f229,0.0366507654727554
ck_dcef7887a4f1e435,0.22645389871569563
ck_2795921a055643f6,0.09564500398685971
ck_7456df89f3792235,0.046180920103549676
ck_5014a3b07e1f049f,0.6484975874781028
ck_d4ec44760cbe03f4,0.08139695311830676
ck_96810ad39d4cb7b0,0.1394601130177482
ck_3222ea25aa29bfa6,0.01638297028362518
ck_f6c42001b84a10cb,0.4550711064382783
ck_5ac86682385c86b8,0.11317837062449403
ck_4280c33af57eb4f4,0.004853535699015938
ck_05f79ddd8eefaa56,0.09759100387424924
ck_3a57a13ce032a6fe,0.06441370208331627
ck_a721f0d635fad68a,0.09026613397446376
ck_a3f821bdf408c326,0.08113514682360144
ck_0ada63008be5685a,0.17501635804582497
ck_8c949bdc6e8720fa,0.367649194909597
ck_c0d2c56f9c722e99,0.9093754073362424
ck_5d2b9e6e087b8dfc,0.9981605572221915
ck_5217b55593a332ca,0.18839136358175215
ck_7a7bb9be5a7e48ad,0.151618131059558
ck_24cd0d779e866287,0.0645078856917115
ck_7367917891a63771,0.08040069720333815
ck_4b31a8862a857e6e,0.9407768169704418
ck_81429c4910ca46cd,0.04953581426073778
ck_b35d803568f82d9a,0.1564778455797875
ck_4b00e75c2d2d0522,0.011099627768522068
ck_77fced07f6dff42b,0.11116929050548152
ck_3c9a06eb07c300e4,0.023302029802863736
ck_b3867f7f494db64c,0.06207701947225337
ck_0c45e54897ab34e2,0.28702775705965
ck_507a6a580ab55c76,0.08533164078162414
ck_291bffc7809f896a,0.03162820818376314
ck_3753cc5b9d02e2fd,0.02908345275160655
ck_4f63d5245b3ac1dd,0.07460890611285587
ck_9dfb2ae78659240a,0.10182906817745876
ck_90f6f5ced708aa75,0.01797764215003971
ck_8b5b5a6b5539e39b,0.9350633908099565
ck_4719112b55d20161,0.1489610704650333
ck_fec888a7108ca52d,0.9949282726089045
ck_4f5d022c99f118b7,0.3346239594139596
ck_e967ff05514b697b,0.22292891929149167
ck_839ce35819bfa4fc,0.02046506624681479
ck_bdee1221b9addff8,0.07754320979117622
ck_9cde4036d0914427,0.08512255312905484
ck_5ac959cbcc5e98f3,0.09138930480845964
ck_619842688294dabc,0.10413972157865098
ck_7373d7b04c7799bd,0.22481363826277656
ck_c1dd3feb9a0b6471,0.12766127506814154
ck_0324a4812ec319c6,0.09310155948437916
ck_7f3685aa2933b251,0.2885848007305306
ck_06aee5a62a67a84c,0.24893240979108897
ck_3428910b44b9d08f,0.15608735303297294
ck_c3ba7534cefc1de8,0.3076198932663928
ck_1f1273a67cbad5e5,0.8344429416824467
ck_124565a11b2f8bb8,0.09091840484550419
ck_38e46bc861e0165b,0.436776942797851
ck_c8ad3f01319c065e,0.1949351675451574
ck_3f94a34f5038f7c1,0.8637983950074417
ck_cee56be5a502fbd1,0.541460295667294
ck_2b90b76cf4d162f9,0.051942446936459476
ck_884b2e463ff1d54f,0.050516036540086184
ck_fab4f2f8531b4827,0.0970548352138862
ck_4fc6256e0e60a926,0.11530914058063041
ck_0a2f8b2f8a5b6f02,0.2159300768451837
ck_9c0deab8a8367c5e,0.020553823358490077
ck_d3a2a4c011fa2554,0.15466102288306444
ck_4108b4038f762817,0.3300034130586517
ck_4df036e2aa7e1056,0.06917169601528754
ck_ec094eb1cbb3efc5,0.031209055532786342
ck_09f8f51bfd2492c6,0.15693997762379253
ck_b60fb9a10d6f4489,0.15098753732030537
ck_3638bc3388dbc1bc,0.41462962484944865
ck_7a58e0cc9943c39a,0.059282579386678795
ck_37dab6a0a536ed49,0.5298190378815942
ck_adc576690df5b33b,0.12488873699399149
ck_1383b2b1875000f2,0.07012160725178698
ck_43c1248db37a2eb0,0.041889198442746016
ck_29c11bd68858e923,0.0147952535765713
ck_9401f9e11f65337d,0.15319677780103538
ck_ce5ed372b1a2ed6b,0.22508217659714633
ck_08b4619490e751a8,0.7546144931113402
ck_44b9125526acb05d,0.26512043706460464
ck_ef1a1de20d2124cb,0.21395045323412182
ck_e5e2624b7fc89774,0.3272100585934721
ck_f5100511609b92c0,0.02046929950542794
ck_64f3bb17101b7c42,0.1131718630972277
ck_ea1e5b5128ecba2c,0.07857656735205068
ck_516163fcf04d5e77,0.1039053234337186
ck_7f9a748110d70005,0.07764671048732526
ck_d263b55f0a681cce,0.16373432960658849
ck_0e962eacf98a813e,0.08881154349092849
ck_0406931800e0e2e6,0.04596169015041469
ck_0e9b982afc88a3a9,0.7444028248441988
ck_8bbb625384edebd7,0.02349299338229269
ck_5eaeb87bf6207406,0.8845001318112614
ck_cc3318839c4b0745,0.0581637362197437
ck_08a0355d1f1890ef,0.1784072082249981
ck_af7ffd1a822460d3,0.6490500026541609
ck_2a09c7aa870edb6b,0.041603651274416224
ck_bc04f51c23290bcc,0.13536517651908678
ck_d3a8333cb389f4c6,0.10916903529040875
ck_88e3dd3039508332,0.22264104679372732
ck_b8c7771de9b57705,0.05579818268702567
ck_585ababa02383b50,0.11529324679202071
ck_e988c108754cee9c,0.08654510240479754
ck_4a691892d9d6cf89,0.12958655176847994
ck_7cdce37d895eefb8,0.08106832557646088
ck_483fb981a1fb4317,0.03475273365868674
ck_c1e5182bd99e0e35,0.4758870458198524
ck_9a1e3ec9a1839939,0.10660877512270774
ck_5c3f13de0dbd5086,0.12318851192385027
ck_f4f6f0caaab70040,0.02310378582325561
ck_791be3378dd7d64c,0.14611467309144976
ck_956dd784525f5886,0.07960810983117522
ck_098167eaf124c279,0.2864052661392465
ck_33ecff7914349ebc,0.12230212541176658
ck_e05d44e46c7174e6,0.2439141633916518
ck_1b2ce474fa6582b4,0.19971948098142106
ck_ab581082e8f72e3d,0.05238457975608151
ck_e63256667aa19070,0.153702300079623
ck_f568772b6cb3febe,0.06867560785796425
ck_dd89a282375bbab6,0.39831708916037006
ck_a39d0bca345b492d,0.06410005886355852
ck_d12d2924d0f7a64a,0.09385063999788412
ck_6a548da1728b5823,0.9990618545945479
ck_6d64193681d2a94f,0.042809201845402156
ck_ced6b6dcdc7c201a,0.027724960833017377
ck_d1b0699d26282871,0.26887551600233234
ck_58f757e40a9b8877,0.1574183552947951
ck_3272c2c4a37d5220,0.68674425247235
ck_d94dfde9e03c9d1a,0.3016762021287131
ck_08a6d4903a7fbaca,0.19848782580327975
ck_6c72a36b05fa0f4c,0.09249887286815185
ck_dbb4bd4eda97255d,0.14219529200576755
ck_94b59bbc824b307a,0.09052375680133841
ck_0229a07185f15469,0.08521008247317606
ck_11bf1039f8b3025b,0.18603475222786933
ck_36789ca11459131e,0.395178553978603
ck_8572c5f5c1447c62,0.08605376199527737
ck_9e75c6641939f4fc,0.3190647233993733
ck_b45e47c39d4dc7bf,0.1422493948673581
ck_02903c48b6cfd65d,0.09645913173693217
ck_b153386f1729de81,0.061806370212732595
ck_36979996f33498f7,0.8307286844470143
ck_3c02d4dbbf6716b6,0.11380902033091331
ck_66c9a19963957531,0.1288386427256096
ck_bae8dae7cfd8baba,0.04407851958126266
ck_bba0ccc6cd968680,0.14726474056394406
ck_3267fe3aac05c71e,0.05234288110228012
ck_40052cac10562cde,0.11962731941889897
ck_d973444855403e2a,0.06550816961541366
ck_012519bb095ad36b,0.9990811908585369
ck_ad7c256ea10c4a00,0.396417698519691
ck_70a60e095e9b706f,0.017666345695857715
ck_f2734417c0db4ee3,0.13311932393115447
ck_9cb89cc3178e0172,0.12723277428895352
ck_779cc0f2de4d5488,0.20466005775463803
ck_35f8656bf93e3b3d,0.18262287157875182
ck_bdd8eba728800e29,0.20193728030527586
ck_002cf760d173f0f8,0.12696040673348682
ck_b046067c6ca3831e,0.07030021216134051
ck_a4a42d4bff8af645,0.11643938329059056
ck_bce253d2396681a1,0.02985530217190709
ck_00dafc060c8de32a,0.04856550940582129
ck_968a99e097ee78c9,0.2817985949528991
ck_66949171b387bb93,0.16237477786873863
ck_ad305286702b1958,0.019830436325498326
ck_4732da7e0d2dfc7c,0.1025185590554742
ck_17a95bba77217d85,0.24410163467657753
ck_3e2516a3e35067e0,0.05658423089804443
ck_0b615ed566da1f58,0.1273341317304012
ck_d2b3ce1ebabe9f93,0.2163208130011657
ck_a892252e4e0c2828,0.03183007250279056
ck_cf606fd6ebfdf9bc,0.18674557342936485
ck_718865237134ebe8,0.07705174629349956
ck_878522cb775b904c,0.4571476343354788
ck_9ed53de6ef779ae0,0.06074887808468572
ck_3f16e2cd7e6874cc,0.06433661512475464
ck_3c59df37895ead2d,0.05796894055576862
ck_6821459b626d492c,0.043637262669043574
ck_11c7667920541587,0.09130289740701912
ck_23a016cf6b98d89c,0.20428911629953028
ck_7137eeb394d200f1,0.1599978118158232
ck_9c4886c5c90ddbdc,0.019865890570576476
ck_1422a7bf7756294d,0.8591301230994531
ck_7ebc5fa7f0d3b8f2,0.07977691672075828
ck_fcc2059a8d5c41fa,0.748728480568513
ck_00ff7389d6a83e29,0.2705666028681311
ck_03129b41457795d2,0.07596588604171577
ck_38ba64efa7c38250,0.20729419853561817
ck_57a6b56b09bff24e,0.07712928391898015
ck_e3b3c5a80a567418,0.02014090833918572
ck_fc40a16adfced018,0.0813510193107923
ck_9d4b5e6b43bad4d8,0.02946639999141025
ck_61129937ee466b49,0.16829797252659232
ck_74112e47b8629c2a,0.4323254191893632
ck_b4703ee97f94d7fb,0.01500464083880299
ck_e560f720a988d8a2,0.8648100158025096
ck_708fea345f68037e,0.056923867541416276
ck_25394c1b83e0b803,0.23711747693073687
ck_17ab24fe914ae44b,0.04015461952747204
ck_16c501470d9bb006,0.06713629902671606
ck_628f449e248c19b7,0.2119646160040151
ck_6d64190623dea714,0.04124298734975547
ck_504a45ee08db72b6,0.12576381975674725
ck_6cbb011e0c70bc7c,0.032444646028395835
ck_b3225a98acd04f83,0.0456119906480211
ck_aa37993f1c17cd1e,0.22520658313163766
ck_558cfe5f77a55a9d,0.07209379806925316
ck_0d0a1a021efea5b6,0.10907035866643446
ck_daf7aea023b7a8f6,0.21659366594676693
ck_d75f25184ece2b51,0.1124324662372686
ck_466d4b5366c50b98,0.047316812818523825
ck_88f27ab479063852,0.5531714912196459
ck_66779098e78c1760,0.1022574882364808
ck_b150fe4efb449b05,0.10400478552416613
ck_9c3aa9f23d01fa1c,0.1105495937921638
ck_6a01c375fc26705a,0.04604419345796037
ck_002eb6552b504ea1,0.19196714016005934
ck_affa5aa0bff9bb0c,0.15257481820598343
ck_027614eeba8b1a4b,0.08896288697994055
ck_67e075c982add719,0.1215312154572796
ck_399b0d510be98bd2,0.11636343055320696
ck_e9b0bca7368555ef,0.12344667194772022
ck_59c29d9c57b4f994,0.13753366953672733
ck_37176850ed68831e,0.09091200820465398
ck_a0db4ccca08030c3,0.877232120798487
ck_aa188e5c25f7f42a,0.13411395892780692
ck_7de6997178207800,0.016249146934259856
ck_c729d19053387be9,0.48720265450306816
ck_f2d3e3d90608596d,0.6676754065224478
ck_2db3fb565e0211ee,0.039268885436194764
ck_bed8a480e27e911e,0.10257143880207875
ck_d7ad9921a4d25926,0.25596873338216947
ck_2a59f23fc5194699,0.252946461896283
ck_63601a58a6120d8a,0.3759795185120631
ck_efd7b9e22c6317d6,0.1707587792313319
ck_9ab42875a0f95b43,0.2716739872076646
ck_85cb5033fca7c846,0.14651877165422278
ck_5249b223000915ec,0.13454385818248715
ck_3efb0e9bf25612c7,0.0466758526060089
ck_678e74532ac19700,0.08854323944413214
ck_a980b296c95153f9,0.20941455198043132
ck_01ac687ce0d696a7,0.13519904818530748
ck_52e1418cf1aa9871,0.20860231028932463
ck_7d28da4f1dab09ee,0.17345823414258388
ck_010d0c2e6c1657fd,0.21686480167187688
ck_b524f7a2e752b9d0,0.12682497724025962
ck_cc447fcc24a0772b,0.6080776062597909
ck_2cb3c99845e572da,0.02764999734873962
ck_604c710141327a81,0.048942861643050416
ck_8d5fa65717d2e0c6,0.16150603009667322
ck_31199510b40602a1,0.145279396225203
ck_49e253ea12f4e922,0.18979353218006165
ck_780738e0d71e7e43,0.08196820889398583
ck_2cd21137a07fdd7d,0.03772875302453418
ck_5e021f2a3b66e256,0.11471731222216826
ck_efbc79246e32c66a,0.20713280127450662
ck_9951bd806c13c7fd,0.28027845249614386
ck_7a52674e2806d8f5,0.21792882380489303
ck_1a319e509f1efa1a,0.0224316111770895
ck_c920901b9a4ba993,0.9342236565924514
ck_b71279e807d0b3a7,0.06062319913425834
ck_47e1032f490bb018,0.1145596507527915
ck_192579ecdca7ff83,0.11123175027322066
ck_b1496c474c4a3239,0.03117844960777828
ck_5e68ea2c5e893cf0,0.17342158961610002
ck_f2ecab85d4693b4e,0.05170481097804752
ck_89d7bfc81c3df597,0.06396872514324216
ck_7929284327667791,0.3515309770145824
ck_494ec63c5ce8e150,0.13238301849176826
ck_319b059bb2145586,0.08413117555146568
ck_ccb3767c239018c1,0.04173986199700609
ck_a1c7adfe26e09a8c,0.20096794924134148
ck_0e13c4f73818149b,0.14689707677757785
ck_c285a51ed6214f52,0.32135534965642226
ck_916784595f028226,0.616879641790931
ck_6cd8e0196365c474,0.255011943962151
ck_57b657aba4daffde,0.2151937628284889
ck_562c76a3753fc7da,0.6206336096054028
ck_66cfc1ebc9a513c8,0.11519107537545882
ck_0f38d4aed68d7d24,0.2093418429015168
ck_d8ddf5e99f7859e4,0.0485096865774843
ck_41bc3efa0fca700e,0.24671268027144486
ck_40799e129fcf42c5,0.3233516184146171
ck_786f079389126e44,0.2207779396696763
ck_bb4c6b713eb0b978,0.22344001408945677
ck_4f01f7eac0efaba5,0.10923140922153694
ck_47d29c01b20cf69f,0.09070173953837707
ck_bf15a1f8d67a30d3,0.18543351879519318
ck_bfecad7586f65e4d,0.22033648289662697
ck_fc9f16df35190eb4,0.660316825690752
ck_c09c914e416edd08,0.3514896939180452
ck_c54c5d8e4433b0f2,0.07939243642523311
ck_1694c28f44480e98,0.029351534019033225
ck_1dcaa3078dbb7571,0.03441287971187344
ck_af559f990c640e41,0.07051240470731432
ck_9b436162039a77d0,0.2555789224913005
ck_79d62ef181bd0cd8,0.19855321479327714
ck_23caafc2cd34242c,0.21603016175839185
ck_ffe2aa26f597e552,0.07592061030025485
ck_e6ffd0754ac08661,0.03604020565522479
ck_beaacb4a783db21f,0.033200295781825775
ck_9863bff41d24ce9b,0.13691029016231698
ck_323b9cc5c49f8ea0,0.5859346650048844
ck_ab3de3d3e41c2082,0.02974092956646642
ck_35c93b2924900376,0.10993463285845723
ck_5a9d5f9901e37e31,0.18947719587187772
ck_782b0be796164335,0.023800407806546568
ck_11960b5f1c7a5e2c,0.04023498638041743
ck_9a66cb13a9884cc2,0.09627878843148788
ck_ba666a425930615a,0.03670090273902763
ck_40140bef4db73741,0.17960370490686403
ck_e05e91cc180063d4,0.23370669699512936
ck_c7f6f45710bc050f,0.06433415377079708
ck_055fb9f2e1c8c934,0.2582080005070491
ck_58bb02d98e2b9cd5,0.0819114160367421
ck_d9f8efa6a7800f76,0.15065784338977697
ck_69691226c68fd50b,0.7997871661392327
ck_6f2f0396e5b1c538,0.9637820054295524
ck_78bc3f1d0f35ea6c,0.10076443465266686
ck_2d5a6b6636a2596b,0.10329456937515628
ck_7878545739af0a73,0.01041053005353847
ck_03c4fa4f3ed3512e,0.05272334727401574
ck_1a9e51d092d62c84,0.6877521108101894
ck_9f3861940d8d873c,0.3258522187757026
ck_4684fdd61c6a0fac,0.08701364203117609
ck_715966f86d5c913d,0.09929197886391082
ck_77f293d44b4a3d2e,0.1964855377543051
ck_24dae044dc05f849,0.18038293874361286
ck_00b9818e2064405e,0.2236251860882974
ck_c1c2cb49c3c1b0f5,0.5315206179719005
ck_bed50fc64fbbf8ec,0.11747021508088912
ck_4f6ed5ea5ab7c429,0.154684885409408
ck_458531c22ec2f9b3,0.07295072091142724
ck_51c50c4c443df31a,0.8555439517422253
ck_732d45bd578dc39d,0.1333235395021844
ck_783fe5bc20cd02db,0.140948025718148
ck_7f188aaa63d1d442,0.0489139658145437
ck_ef307a6aee38d1fe,0.9128877735795783
ck_e37196b20968b73c,0.16966602234904313
ck_4ef9de711c3d93b1,0.12393697611479992
ck_17946516d5df71d7,0.09768138907980434
ck_3534be0f4efd313c,0.40986069005607934
ck_29fbabf855cabdff,0.03681893381340824
ck_191673540d8486af,0.12437927142664718
ck_5f52728d777ff2c5,0.10410295692400509
ck_a045a19369016818,0.9992168279056876
ck_4eadbe7298b15e96,0.0855760679537004
ck_a3a0bd59729fe619,0.16168887458572387
ck_a1e77090b1c6ccf4,0.11569915505469808
ck_69ab9d4784eb77bd,0.13606191789716524
ck_baa47383ffd50f04,0.11182923642744257
ck_e35b2ed08b9e55a7,0.10686389613876025
ck_b6e3af0a5119d9a0,0.24296014691326023
ck_a7c1dabf3869772f,0.14319220284949966
ck_80b8fca67a14e0be,0.7399205571936294
ck_dd9c5f0c42878e67,0.0713709469479961
ck_41ef7967faf5ce82,0.06375183751821349
ck_a93560aa348d6225,0.2289847016248272
ck_ffe91d6f0bd93fc6,0.3202048432761649
ck_fbf630c960194033,0.22118541809843295
ck_497ed60723283c0b,0.14791746695076952
ck_2a46b7ca55239413,0.08529650629452448
ck_1a4e5ace078dd782,0.09339608861624796
ck_616cc31910f5de50,0.0850815985395383
ck_0d65bc749eb42710,0.12866257392713434
ck_2408db62e4395ccd,0.0614377723615024
ck_5d7721930106dce8,0.09517233305172527
ck_e8a6acea22b20312,0.5559230182829747
ck_e2f792fae128b18e,0.4808147267327484
ck_e6d3ce445b86003f,0.06954253040920359
ck_263334d722ecbc97,0.5731445533333126
ck_8c5b29f6666d4874,0.06926553407504694
ck_7ea0bf310fc20c7b,0.8089175736144023
ck_54d463f7fd89ec3d,0.3897112507059922
ck_79e45040dbdd6447,0.10917367732448101
ck_60b4d59953505682,0.8960407109377462
ck_fb00dd5021642507,0.11312321659560477
ck_f409ff994a210601,0.3698915189414731
ck_2ca0020038bfec58,0.5618930771180641
ck_adf84b9df54c3d80,0.21003199837994518
ck_942dbf632591b65d,0.19798350689261662
ck_454a7e4d859a3409,0.036856781468114504
ck_2139062d4569aa07,0.1603303869127365
ck_e949a0f4df0b3902,0.2744576121917271
ck_bb113e3e6716ed65,0.1038754360397837
ck_6a28ea6ce69cb869,0.23318506700146807
ck_7df9910af2bba21b,0.1314456521581669
ck_78aa4b731cbfe251,0.05445619480658459
ck_5839f5cbd8165b1e,0.3500270333254817
ck_7158ad9e58769ffa,0.2600742444080016
ck_acee218cbe61df69,0.2396726787474874
ck_f8dc8473c2772729,0.3524147137868767
ck_f34c93a8173555b1,0.21334438245544038
ck_7cf301d075e4e709,0.18731064970213035
ck_b87e88ee5512ea17,0.043717949608537025
ck_bed0c020b10afa3b,0.07715506654625422
ck_ca10102961f99eb4,0.03829480468510002
ck_393287947b5c8d79,0.12146679804262481
ck_2fe6cac002142f67,0.19896796925945046
ck_79c7f0d29b1db1cd,0.16053140787869355
ck_c735b643d3cbf67b,0.05663974971252508
ck_ea4332c8fe48e2a3,0.07851424664973307
ck_d39864119cdd460f,0.08136051666264384
ck_3b963d6be2773861,0.08074631819106128
ck_df39e3b8a9fd0bfd,0.8835742412635595
ck_6236a461dc0d11a3,0.020654028085856854
ck_475ebccca25e30d1,0.1724283613477254
ck_c10c8bcf5bcd516e,0.16146669293879823
ck_49ccc3716a564256,0.2958444800220932
ck_4e4f99102f6938cf,0.12346509981616095
ck_a97b481ade6f7972,0.2307060165426732
ck_3fa559c679751b3a,0.1525985277134825
ck_3eba1fd2c7acc4c0,0.40209206049048474
ck_18c179b4afc4fccc,0.1854168329356866
ck_cc1c0b93d05b7d20,0.061048866495852366
ck_742f7c28ddd019e8,0.17801718651916812
ck_04470bc93b8a0d71,0.0876660116294964
ck_6e8f8ef7a03cc6bf,0.06952145818280722
ck_eb1ddfc353b4da83,0.019889304136616985
ck_98831b57c7ca2e4f,0.010261228052425386
ck_a6c7b8d6e8596d4f,0.5298261589105873
ck_cd7d24e3b095e96e,0.43880977694541773
ck_3f5ae4673a9f858e,0.08774271437221451
ck_05f375fc8ae0afb0,0.13048669342890626
ck_1fc98436281ee39e,0.06739881207145579
ck_6c48c58678f64bae,0.043350353864363776
ck_8c95aeec6a4c75b0,0.05898440558314191
ck_364cde38958b7af3,0.4817014371871578
ck_85bf21aa1a00452f,0.05028522573377446
ck_796d3eaabc667c23,0.9951763390229411
ck_ac449ee0c315edde,0.04155913038240518
ck_6f9fd15ac6b163de,0.025671094652702273
ck_4087065be2a45ad7,0.5259731071229257
ck_ecf006bbc78ee3eb,0.3906063424159822
ck_8ca808cc5a49cb5c,0.14056347942883535
ck_94b90ab8b2dfb50f,0.12727609292943212
ck_59fd11b3232de9dc,0.9348097836962886
ck_67f3794d93e2dd67,0.5018367898246947
ck_b7f5acf5df1bb13e,0.07789594067761028
ck_fb04ecbaebb774bd,0.05650523762067194
ck_68ef3e7301c621b7,0.10872141555555988
ck_41406cfa209b6bda,0.08487521741637759
ck_b0f8f5408662337b,0.07482710191260288
ck_0d2901bfe585c391,0.480251782448038
ck_3398551e81dbf3db,0.20972846877381776
ck_61c3e3e277629646,0.07372901570188171
ck_2825e34dd3e7ea2a,0.06618240184284432
ck_20d7571ba830009d,0.12096052410072065
ck_c98b16f9a72a6568,0.016526103320689073
ck_e7c8a9e4641eb9ed,0.012556331805184905
ck_254a7c97c36dab8d,0.14162379210285106
ck_e98429675b46272b,0.021340837251382458
ck_c2fc0ac460786d02,0.3082446586198162
ck_fba15647b3a140d9,0.07704418015767725
ck_15ce50f2704227be,0.15701949807043214
ck_8c748aaa4a4554f9,0.10918592648985373
ck_e00e82a9419ff086,0.12611092807695853
ck_832341c98254bd84,0.17248297508457275
ck_27466468d06db4eb,0.2973736860371277
ck_9d7b9e3ff1f3e71e,0.07623693669201642
ck_42c6973d3a6fe983,0.033827072634408865
ck_877c85bad118bc62,0.27374088873764496
ck_75d2a2715259c4d7,0.27044769957822407
ck_37d3e5c681a2214d,0.5120841666487267
ck_bf285dd49f372de4,0.14969426396367724
ck_a5bdd026fa9c50fd,0.11386811561208539
ck_88d9244a9cf7a77e,0.8535375969394755
ck_5881b174e49b04ee,0.05654721578893533
ck_5b16d67c5ea89930,0.15083537043963544
ck_b75b936aafac56b9,0.08248348765498147
ck_aed2681e1646a0df,0.28743944696841534
ck_f63cb5e8cc702bad,0.16889418769859968
ck_1805fcfc4a9e4ffa,0.9273370019334736
ck_25c355da356c730d,0.24862812123571174
ck_70396398e4a96449,0.08575980317624668
ck_0f743bd13373748e,0.09572943925865313
ck_4b387765f0e916cd,0.010021836537474405
ck_e971faae8a10a260,0.02539526455899429
ck_9eb08369e983abfa,0.0033938042529392588
ck_c30c5844512e429f,0.29584899418222804
ck_59e77e3a81f1fa0d,0.18795842800259718
ck_ca4465f2b5c1a52e,0.9013521999870392
ck_c89b9ca398402f1e,0.013700356217774521
ck_36e72ef9273e7a95,0.09969944060057666
ck_2bdd8616870e5e1c,0.07013531974166017
ck_216e87a41de22b5d,0.35316122416534546
ck_60f4fb44f5efe3a0,0.03923069489799306
ck_05652e8ace6ce6cb,0.03471632581453431
ck_8c136dc691e65695,0.008228073504059413
ck_a08f8dfadbdca112,0.0591321043822956
ck_bda4041a3e90d860,0.05564627004975689
ck_15dd3ecaa8ce0245,0.8741682494119496
ck_3e3c64b3b7876ce6,0.1348258332332334
ck_46225858a38b2e57,0.14554633000899952
ck_0cb9f54928f4feee,0.05803808482508249
ck_152671fbf8a9a78e,0.2943435069701635
ck_ee7a515e87d17d4e,0.17570537694445798
ck_f7276091bf513d22,0.0832724952234895
ck_4f05daf1cf0d5755,0.0597466582360518
ck_83a69c4a5d55ef19,0.11312730182452937
ck_c50fed2a7c9198c0,0.053208427598383776
ck_70d19d5650ddc8f5,0.16887285433573915
ck_4b4d99e443618904,0.05153490583359776
ck_dca0b6ca93311ca2,0.15130779577420075
ck_b7431d4706461ec6,0.0805265098770218
ck_7b59d22cadef3b05,0.39779413926986046
ck_53428573abcd606f,0.23815038706371372
ck_f538ab6aecf2adfd,0.019892678777469103
ck_d321249fb065d2fa,0.3365349365327454
ck_72fdfc7e6d8e1436,0.005783739726921352
ck_b52b99dad89ecdfb,0.22115889540228384
ck_d2d4282f9d256b3e,0.03837487171267085
ck_c8f2a1dd8a6141a4,0.05004077723100301
ck_8d38747058d0aeea,0.687206756313541
ck_3ac528caac74f563,0.052476270186875625
ck_8dbaaa00ad829ca9,0.05486108844108768
ck_7c38ec898f0fc21d,0.04978892823785486
ck_8171ef803f5ff604,0.1885300022429623
ck_01a750db6fc1168a,0.4132636362608186
ck_ceb017baa26e98c8,0.18022440088542144
ck_e2c66c72cc0b0f78,0.19899564267903735
ck_8d9518f64b222416,0.08124471515167105
ck_804c5a1fa5753617,0.13046468584773202
ck_fca7cc9c42695453,0.046495536581222845
ck_3a632cdf2c19051b,0.05291774923417206
ck_b2b63ea65edf1dde,0.16817683588526186
ck_27b07021500ee841,0.1322167636415643
ck_9724718fe64c6557,0.9988249253188224
ck_2786cbc3e75ec034,0.8075749412173113
ck_d9c2622cb6df380b,0.17401998120975137
ck_ae1da8ee98e402a4,0.13786306649641406
ck_62967b91504149f9,0.04537014631091301
ck_6b255bf68709109a,0.07456062310154703
ck_c55afc68421d85e2,0.24193357889676279
ck_7c7266f6ef2a8466,0.22457139921345273
ck_885cf685a9541190,0.5996552503227225
ck_1a4bb7d3d2ee3227,0.07816423569927612
ck_b4911c42f3bff740,0.009811119667168319
ck_66f9f78d4c6a3edb,0.21647120486385227
ck_49bdba9ee1899dfe,0.20827123823989857
ck_79b235d51718435d,0.09982243806173563
ck_d840db8cfe2ef6f1,0.03729941185903994
ck_610c7bcc1cd7ecb0,0.07602115952691389
ck_cf49b6544aff6c50,0.6196376455990461
ck_de05f97c3d40dd1b,0.15347244092868242
ck_0302f67d75973dce,0.13957920574617336
ck_54c2604c9ca6256b,0.13072751987596948
ck_a1c88c0568f142d0,0.3719254302736573
ck_5d72ff6cc2963d1a,0.06393513123027415
ck_0446920a1004c596,0.02567271654390442
ck_71044c29ef071570,0.10825202610817676
ck_2122e9bb1afffef7,0.06688645215258927
ck_d1e3de178601d3c2,0.11310770788385839
ck_bec8324a3587ef04,0.02317545225840275
ck_b616b6f45225f319,0.22589609637437386
ck_ce1e695884511479,0.3278615950947638
ck_a662b4bf900781e4,0.021800032039412633
ck_b5a84c5547378c10,0.048821552100495234
ck_f80af368cfc6cb7e,0.058159950029412225
ck_da3526ab6c5c884a,0.2354589675273151
ck_bd20be9a3392d79b,0.07504595038603283
ck_b8266dcd90cbfa62,0.039964226173448844
ck_ac84b33304362c06,0.08079370578664698
ck_794d8935a895e33f,0.2197613472236418
ck_8fea7d915259f1be,0.033649313575977724
ck_7a1519ad5ff45312,0.035297057980453385
ck_9bf3ce30b65f75c7,0.2870148428894925
ck_5f864d72d1eead99,0.3111377255425906
ck_3c48e0cfc2a58041,0.7555984935292909
ck_d902183f80cc81fa,0.32414954364319554
ck_539cb0d117db8cd3,0.6890348262544798
ck_28f530aec8e77130,0.09403931929317191
ck_e7d903c50d353361,0.2146961102050622
ck_d288b77d1e227970,0.13495525856630602
ck_017208fcc01b5d40,0.035918897519511654
ck_7e3923d278a5106e,0.10314461460851714
ck_9700a00ff9e66216,0.11997738719934273
ck_5c36c78b7a4d138c,0.2414574741736135
ck_c457e9c9224b773d,0.05661413817936119
ck_1dfa91405d7e66bc,0.10330575563331026
ck_f1d8a2695a575e56,0.0732704350359656
ck_3b92a46daf8d00d2,0.14839229098830561
ck_aab23b5470469649,0.13955119931419052
ck_ecdd01a391610d99,0.06611885605970833
ck_abd3aa292f8edb4d,0.13404257399652486
ck_7fc9a0776e1339e3,0.022782312279587075
ck_c0389ebeb0e65cb8,0.04532198846270509
ck_48d0fc4f6a2109fa,0.8989582531704849
ck_571dee4f3336c7ce,0.0868928993770144
ck_4cedf26628c84f26,0.11522197535473629
ck_63356762d24aab81,0.1880464947586351
ck_2c5bc11bb7ae5d2c,0.9485440610257236
ck_6d26a152f900fee8,0.08627153222174054
ck_c972b0e781efed3b,0.03927007830344493
ck_fa0ecbcf9a33d6ce,0.030812891794756603
ck_fa3a766e49dc77ae,0.08216477500025969
ck_7baf1e55db0dc558,0.0868119733247817
ck_e8bc49e6494c1f37,0.05302513293719307
ck_8ef1d05cc1e53e7e,0.23346405454938315
ck_cef2a485a77e0723,0.12335107382036085
ck_228a583f23abff48,0.10578737348359213
ck_ac32c6e374782b27,0.2978495313784347
ck_b9485218cef413f0,0.11173012857254214
ck_7f15503048915d6f,0.016840884295203404
ck_b62f5144db15ad34,0.4290574709332892
ck_917d82c552f95a23,0.18026580915055762
ck_fb4797045077bc6d,0.004350491582021281
ck_2cf8a44e041217de,0.23761860366532578
ck_b7dd681eb3d2ee38,0.05526475411852214
ck_e9e8cacd2fa35e79,0.07878113870500933
ck_342a79f91de5d1fa,0.09568972352374466
ck_2c91f62c05685ed7,0.023328880646875962
ck_e30cb64302939f38,0.24882565509299523
ck_d0e95b90ba86da10,0.11486534108917744
ck_1774faf414a5d49d,0.6895766509261056
ck_2401e8ff89e574fd,0.7134669901957413
ck_0cd8802264e0a1ef,0.14818267197211946
ck_da84a0dfe947fd3c,0.10527756228404304
ck_c8affb27ba7fb5db,0.19404024233171707
ck_bc7ece8787ca7200,0.051749734580310035
ck_469a0578d05990c2,0.0649270263914662
ck_eef67f8dea702338,0.35548254515542316
ck_4f490e379e9ded9a,0.06255151701667304
ck_354379de065a8ff8,0.051289283344396565
ck_5db1cb368bc41ac3,0.25337306195559167
ck_9b1c3742dd6fcb8b,0.13354178640314598
ck_63ce4f44c92d7143,0.15979170444004345
ck_e15e3390f5ed45f3,0.09471308810089232
ck_da645ea91d66aa6f,0.7248752923692222
ck_834ca727df855f07,0.28022711910580705
ck_e1d5ad20c737c745,0.12890954208735816
ck_ff8059ae5fa5f1ee,0.019457650425161618
ck_8bb9e75393954a1f,0.026444278325724806
ck_4e1757d1347ab387,0.9948308522192089
ck_af3f74b1d75a5d95,0.13157922491584484
ck_6b1ab0742ff04c3e,0.1688979107152625
ck_f56073911c9f1ab7,0.02042592729249666
ck_51bd5f69b4fe0b92,0.7835398149958608
ck_fc3d95030b81f416,0.03294154304029483
ck_cf78169633a1600f,0.02221996736382512
ck_ad7269eaa65c67f9,0.08893056071701623
ck_cc6d33890d47a6cf,0.1141261359246101
ck_bc8f31f4a2ffa1ae,0.02305381098518805
ck_720776a46e56dfa8,0.10238742624970794
ck_e2d1f212f259539b,0.059689738531270714
ck_eaf6f7082c3db2bf,0.22904487722414896
ck_773efe58c6278c3c,0.12265130456912986
ck_c4a72c09f2fdacc4,0.044072669258034845
ck_8982888dd6611143,0.10222867078562181
ck_9d5049e195eda029,0.17466757242994996
ck_de58ef6f9fe2b546,0.09696588376658481
ck_c0b50c11e4f5adf7,0.22242451143267242
ck_ddaf228487858bb8,0.1917525763279988
ck_eb2323215ff70362,0.1424452113270511
ck_168c96a1a636ea15,0.034998127238397486
ck_9c46711b14d9eebc,0.1110810359230824
ck_de8af660806b97b5,0.054158128040165975
ck_6ab83f45bf16eaa6,0.1066619960876265
ck_bf2228a052815840,0.054035955845208004
ck_3f943f20a9da9bff,0.33286865522067827
ck_3baae40454c00938,0.14847135056553834
ck_bc2e771a1d8d2dee,0.31232580660510484
ck_e55f5ca37f30ce8c,0.061556060570748104
ck_4ad5937bef176d89,0.10231702859533122
ck_126531a9126c17c4,0.05326307857283534
ck_7ec423cb56257516,0.22804632496038363
ck_54748ae0f2daaf10,0.19638098366387355
ck_ff24776280ceeeed,0.09657721020958543
ck_3c3a1a1365741bba,0.03727480222399386
ck_615277c8a4e2b18b,0.09612271687730596
ck_a96aaef34173aee6,0.32220192980716206
ck_bea56db7f3e930e8,0.08264302414466806
ck_ca491debd3b32a59,0.17236012276064266
ck_d9ea77f4114a389c,0.0631144551593142
ck_322ffda3332d08a2,0.15909077499931779
ck_c40ffefe4e30b001,0.25115204027884724
ck_3b1d7648d4580bef,0.07447172918823156
ck_23981a3261674131,0.0693102312266668
ck_11667f5b9fac7bc7,0.031569623604811047
ck_646bb3c7be5f0817,0.20318256473193907
ck_ebd0a45712dcf07a,0.1832029694959308
ck_baf43bf1bd963f9f,0.29054101273191996
ck_e0ca2c819658f6b6,0.9969846514573673
ck_f0d6633d0834fff5,0.1632476765834128
ck_91081be0254878a5,0.08769672689279598
ck_1325000bc7f35b5e,0.038730284522191925
ck_c624b9063400fa3a,0.49033573612344733
ck_0ad6fa0e23c3bd0a,0.317541482240136
ck_6ddb55b1f23c6cb1,0.25160485699470575
ck_dce1fb3acd65562f,0.11149495398568357
ck_a9aa389688ee5aea,0.10242528608669801
ck_5c5284c45d9ad8bf,0.3080627737028968
ck_9ce743dd3e92549c,0.10327957693334983
ck_8342e08cc2f9bcb7,0.06923093137352024
ck_25e551a0a8d2fcc2,0.37008686904354077
ck_d4fd0e438c97e0c7,0.41640808068908053
ck_ac7fe1c344190c50,0.07705726356133341
ck_ddd65711b5651f89,0.03313199552509007
ck_ec7406cb5cbc8f10,0.08236486785367954
ck_1c65e8d5be3b9c60,0.729627013174384
ck_38ee42f15a573e81,0.4321793787185903
ck_0e5385c70c6de025,0.09981003831531253
ck_d3137f0f7629040b,0.0653378430269639
ck_9129c92c12e0c8b4,0.03511365686057537
ck_c86520a00e50a926,0.227101051013501
ck_87f82b2b5fee757a,0.15822800044705979
ck_643abfbd7548d0c9,0.10251455289348789
ck_be51f4e5e6b85768,0.45415307249734627
ck_132c16312f37810f,0.040435324800601205
ck_c78c096ca8cb33ac,0.026189309630710735
ck_2ce5afbc014763b8,0.20168952281685262
ck_50ed8f4e7ae6710f,0.13781283238218384
ck_5a4eb535c9a11993,0.06623207297319418
ck_9b665ef46d785324,0.05104262842862828
ck_e066f71f8b296b7a,0.056826613282495844
ck_560bc6017870ab06,0.04792615938250392
ck_fd78f8a8663646d7,0.0809931739254049
ck_4af5ec61ddbde1a4,0.23996150052208948
ck_c2ed04a9d218410b,0.04929021812835476
ck_2455d43bbdd2bb69,0.14903120333743616
ck_56eed7041add49a1,0.6413190776186649
ck_5f0be7b468a72333,0.05939092472548467
ck_19660cec756632ca,0.03793717527060731
ck_fb90408f4892a21f,0.12024925415073842
ck_833a65b86a5d9bda,0.06726787858133941
ck_2ac36e1dff211d38,0.12938885115752083
ck_c00e70606904539a,0.09780190126286625
ck_ba8affe4b9505a95,0.8075011607589884
ck_0c3dd22587b08018,0.19145142030210188
ck_618c4e5cfae99dcd,0.14659725000605506
ck_c9690baddfc4177e,0.06059580209830025
ck_59fae092fb0c4aa3,0.20138909447417316
ck_e03b7d0fa0b28f4b,0.044670123328719204
ck_d451d24c780b5884,0.04867400437577009
ck_e980d325b8dbb8dd,0.027332490349921697
ck_cff18e2d8c520272,0.02514387494102265
ck_a0e46b67e986ab56,0.17050156542075598
ck_3a469039a5b9d963,0.10995711903208198
ck_12cbb211ebd2b437,0.11598405475171358
ck_b8cdd6d6dccc4554,0.07505095497354725
ck_794ba5921cef50c9,0.15840819169319792
ck_2c7667f64edec2b5,0.07788830695956556
ck_7262b4e0c29c942d,0.08701882937260763
ck_5d818522cbfe2a54,0.15353112849342318
ck_de39c1947fb675ee,0.2188425627661795
ck_c021495606b4735e,0.05028227415905993
ck_1fc03ba33edd9e67,0.28129505029610735
ck_a6fe344bbf67f14b,0.04689464544219397
ck_963762210edc5694,0.17466758886222392
ck_d064428b7e7dc409,0.0384424984744851
ck_59be61b53d971611,0.09431832607317668
ck_ec8738ec663cd2eb,0.08073478077049698
ck_59d086fab5998646,0.13471777244091832
ck_bd32dd3b2cbb7888,0.9935352990971562
ck_ce0166addb93bbad,0.06945527120540844
ck_7c0fdfbb447cdc04,0.13081744958126937
ck_cb1bd7635968ed8c,0.20755313518526827
ck_66f94903177f20eb,0.07480642947792099
ck_1d7cd5dcbcdafd7b,0.8775343175245273
ck_5e418a7c04437b4a,0.16615319364925935
ck_631ea1ae91ab333e,0.13653952283506285
ck_0a8029e79a5ae7ce,0.07986378977393084
ck_c4cca8278bdad9b9,0.028748212237449413
ck_4dec3df58077a257,0.7388591158320678
ck_609c249edd88c565,0.06902544260435721
ck_02e5f9cbbbf2f078,0.2840443253500077
ck_32e486859130458f,0.9366882759535178
ck_21ed2ea6386c5a07,0.005010836976267912
ck_1242aa4496576a99,0.03662444148079812
ck_475ea9aa6d3898b7,0.38691768452899966
ck_fe1b1adae3be70a6,0.8816936572943382
ck_c5414d7a8031d4f5,0.06294784055596231
ck_ca1f6f01868e978f,0.42927402394841846
ck_5eff0208c74ec714,0.11397927485185275
ck_a315c9619a317609,0.18534855472478515
ck_2b87683c90acb852,0.09545610436709549
ck_7cd9f39c50748ed0,0.1387177888592027
ck_16a06d58d71935bc,0.3921052694708415
ck_d116e0e7c19b878e,0.8418461364371671
ck_931510e384b1d0cb,0.10252845473170838
ck_e7651fb87bb24132,0.05866740409950198
ck_88ef9f85948e1a01,0.12628743237048368
ck_17bf38d51115a8f3,0.08656117959125781
ck_2659d1d3762a2825,0.11922804002071939
ck_a7285955e2852686,0.11452967274848694
ck_f2c33d5b65b321db,0.19360026420665774
ck_83e5979334345622,0.13053922614252908
ck_629537d8b4d0f395,0.173094385290286
ck_72022008a92c9386,0.1610171099250523
ck_2973b8274f0bf69b,0.23326829546635916
ck_565e3418d2f4061c,0.049171222833630436
ck_54bb53b8f8ea32ae,0.9895849677125755
ck_af0a6540ea7a36b2,0.08012327930642367
ck_888651bfc2c8cf70,0.08452780074945429
ck_1dedcb48ac381a1c,0.6416642262501073
ck_f73273e220296be8,0.1415507812322176
ck_8424bf65223a5a9e,0.050334069853318404
ck_337b930fd149a696,0.053070895014525166
ck_8a4952de8a123ef8,0.15390744871409923
ck_884168153c9c0c81,0.11537692874766454
ck_fdda581aec411010,0.019916085966408106
ck_2b7cadbc8b180d32,0.8823311646770601
ck_8aa8b9968233a1ab,0.06300782689250739
ck_0af18b3ce015d294,0.013824971229043546
ck_8dde670a735d1e90,0.36905559285045836
ck_62f46226f244139f,0.19479802773039473
ck_f948e8a8fdd79b4e,0.1325027307884137
ck_fa00aa0f3e859904,0.05343917595665672
ck_fc7935f784a4f249,0.09520339599667961
ck_e7501307c0698e5b,0.12676239350752694
ck_549ed417f2834cee,0.33187736311872557
ck_fb2a35571ec719d4,0.3963730701739264
ck_25822068c86c856f,0.05404092705205625
ck_8f35d229b62c8f23,0.3556107705324402
ck_bdcf049c1e7d0c95,0.06390815453765845
ck_0aa9db36eb16422a,0.025688857918718742
ck_42dcf92e9e016922,0.20006873667141678
ck_42341cf31c08c981,0.0943899263848514
ck_0b20bfc515ba42a2,0.07871767401353653
ck_0ec820b670d48098,0.03375647850941773
ck_1f0bafec397da8e4,0.08383328974732553
ck_82f07504ab59ed33,0.36192997811683375
ck_337b24a474010abb,0.9967055990356579
ck_703703bda38fdcf8,0.18098946451147677
ck_01e7960c63dca3a4,0.9551890644593969
ck_be5bd81e3715cb8f,0.9499397019680018
ck_197f8058cea1fbea,0.010402984557844256
ck_eb3fb1106f2f1b21,0.32606375217462014
ck_658b4b54be09a4bc,0.9981883514400517
ck_266ce7ccf41ccc50,0.06878266905264878
ck_110608c3b03d4038,0.5724245051554308
ck_1be8cb95d6d9bbf8,0.04707147126315199
ck_8e16a64a776afa82,0.30249178022095535
ck_34bd190d37eda534,0.2637783207141088
ck_4f521611ae14ae66,0.06512339115516316
ck_d839798f9520363e,0.3610366948121225
ck_d1bbfd246c0ac9d5,0.1722808855445654
ck_f19030e6e85a6776,0.3586100318613579
ck_cdabe60ab59f9d5a,0.26708445311238344
ck_bb84b2b30293f566,0.41133894748287375
ck_427b91925952cb40,0.09527648934234294
ck_1078b1e155b5b640,0.12760226407144395
ck_95fdc264eac72fa0,0.07119413461587334
ck_e35eb857c61548b2,0.4567941285106842
ck_69bd0b1abea7e1f0,0.4420687252657179
ck_59de511b20c842ba,0.153022949171028
ck_168e7ea341a36b80,0.03133203186802266
ck_4937cfa6526ea138,0.09044556556343443
ck_bb1a981306b750ac,0.2768737365523776
ck_f42a43e4c3f34ccd,0.06149983210057662
ck_c7ae1d4b3ab38185,0.01587441180702756
ck_bd23cf9bba1dd33f,0.24256693600795337
ck_0fd826fad7ec7cd6,0.23060166159928705
ck_f143641bf3dd0414,0.14161347820748063
ck_ad6d48c20a3688a7,0.05310538297396168
ck_7bda5b5b927b2905,0.6147541351134759
ck_a337eb38eefdcc88,0.11745452005519365
ck_403da2a2d800df9f,0.3410124835802053
ck_aa01d5aafde73d0a,0.03313692614131495
ck_494954023f0eb309,0.14900086858826522
ck_1c6820fc38135ad9,0.2595525674399474
ck_0e0bab173622db9b,0.27323792650763884
ck_547090bf35a3b243,0.08144471366613193
ck_d69455220b21dc9b,0.07320754885326655
ck_90b4ac695b9c6bf7,0.09339868155521237
ck_8d2afe17c0082e6a,0.2760361738426006
ck_926b81c0ba528eee,0.12541857438848675
ck_ce36b0c287bd198e,0.23065895959625715
ck_8026e017909aaa6c,0.0342694757022163
ck_dfba788f35d4c372,0.03015097518872047
ck_f09f9d0e0886e0c6,0.19209004747481606
ck_4ffe0366df388604,0.17377259557265134
ck_75bb521de55644c7,0.21083142899753146
ck_81a960fddf79ecf1,0.9226693085195911
ck_8f43459991ea511f,0.09541878550097205
ck_f878b68d66fbfd4b,0.044906609716480486
ck_e84abfc0c747c9dd,0.7960669435592512
ck_3ad3fd3cceb56b66,0.9611998391083215
ck_7cf562578c7f158a,0.13137523772346382
ck_f81a97d350397306,0.12821801159941734
ck_255d87b7fb40caa5,0.10430032322685351
ck_b3905153b9eee924,0.15082642711216968
ck_2c80a592fb4cd6a3,0.0697240858350974
ck_57deb202d4188a29,0.09290303196387871
ck_e3cb5f31d8e94448,0.9266506273936731
ck_0db62d5f7f75f80f,0.24870698525815602
ck_ced9163ea85589ea,0.24519051045690549
ck_e16528edc694fb33,0.9778571238193032
ck_78cc5ec4940fec3b,0.03750517965677796
ck_31742076e9a998f8,0.06512101562464788
ck_5ac335f02280271e,0.11561376926779378
ck_7cc2e091806cfa5b,0.2606754839559996
ck_3152c7115257f084,0.0458853246304207
ck_ab1b9d019921bca7,0.15462528509256876
ck_c33a762d98f9b290,0.028300876804124867
ck_b16a7c51b6f7a6b1,0.36378410200572414
ck_97402a153348e68f,0.0479911132950729
ck_95391029a21caa24,0.2844468775826043
ck_c2015a1200971fe9,0.10202449731306155
ck_ed4427962c68918c,0.9807343963930927
ck_c5e4a17d3efb19a4,0.4012399259595115
ck_8aec3d3dd51517c2,0.0275000343655263
ck_f5178a658225d8e4,0.0725081939369931
ck_8594f165e95316d2,0.02406932224119488
ck_f0c4aac04076a6dc,0.3020023370345587
ck_ac2f7397801036ef,0.11418367527540318
ck_d1ea4bcc407c7d5e,0.10305784766131647
ck_cce8b6657a538fe0,0.13841387068792474
ck_66d0c6d6b67a8d58,0.11759918047981664
ck_1a6b30320835e57e,0.22730549763421204
ck_8cd274cc85aa35d1,0.2966683360177723
ck_ada46085a78280e4,0.07187987984539897
ck_ce1b06623e4a815e,0.07210834333882726
ck_45e70c8a9686580c,0.3608701872667658
ck_0084d8ab6b1044f3,0.12772370906846642
ck_a5f7b6fed6df2aba,0.21471491649429306
ck_94940d783e7988e6,0.03132348646728937
ck_00f9ca84d1d8ae7a,0.06244155929369605
ck_0deb56f3f6452818,0.014441091468263244
ck_a58e900469dfc3f0,0.0398883726271003
ck_028c41b195280980,0.0989907860071343
ck_7661d7ceaeb19f97,0.2235787281312404
ck_6957905a65c47879,0.10864838860577647
ck_f7c6c26ef3c4ae06,0.0652760839627435
ck_8777beb11aabd66d,0.0919443693237149
ck_7db098a17374bbf8,0.8707277664461942
ck_66aeb00e44486cda,0.32744889358728735
ck_838c52cc1d315ec3,0.46350323242343383
ck_1745847cd4e5dc83,0.1534353714913065
ck_201687857ec8b3cc,0.16011385599187322
ck_81818169208a8cda,0.1887155234657197
ck_3303fd3f64632c7c,0.6135509281880429
ck_edf1096809e83ef8,0.041023745714423174
ck_235ce9603c7dccbf,0.15153588342304558
ck_9df7e153868bca13,0.027591075412340862
ck_3cfeade2cf270fee,0.12653093832940457
ck_982b0bf2e2b6c4f7,0.005700446880719909
ck_faeb0da678bb86c0,0.04981782324956046
ck_e86ad2fe815b6ed9,0.0448049898982663
ck_70d69e5d1bb99e85,0.19739734450838595
ck_7e9a8924eab779e6,0.9225889983416217
ck_019d5891103e7da3,0.06748540545117028
ck_14f0484b3817eda5,0.060854803257805644
ck_85de63d278f0fbae,0.010683832978472156
ck_ae91b4cff57fb3bf,0.20172093965108123
ck_2a6d43b9f883b78e,0.908872112770311
ck_7a4e3d553e8ab5b7,0.7029830054813169
ck_fdf89dc69f700f84,0.34679610535512717
ck_f92e04024bf13558,0.009432446784215693
ck_4a522ca2dc4831a0,0.027927439476420297
ck_68ba25dc3385fea1,0.16434644760906086
ck_22128a4f0d033422,0.26970814869306986
ck_5b52ee0a13c71590,0.058092933037605834
ck_59472d17debedafc,0.2074557348186831
ck_9dde2c63acda3ba3,0.13997498311482365
ck_7510b1023cd08531,0.08327267374325449
ck_071ddaaf2e4e3671,0.0600131803510484
ck_1355db6f4010232a,0.09081233885548158
ck_0a7adc2f27f98510,0.48837652796791803
ck_68250033717cd59e,0.10491280998084844
ck_7c12de74de30b788,0.6819994195444942
ck_65491367584c730c,0.1967566201865756
ck_e9047964952bee70,0.10012626445917477
ck_5567779d6ba184eb,0.20623436468441975
ck_d6ea026357ec6477,0.09458153373346642
ck_cd7dcc884e283746,0.17503350141647459
ck_0bd77fea8ed75a15,0.28918410432801034
ck_e80883208e8d0453,0.08803729389383486
ck_2ad0ecbacd5acf8e,0.8944453563217938
ck_6c1dbee7e8fdd5c8,0.08002616125699247
ck_ee4d9a7449515908,0.027796870979679988
ck_636111f7f030496c,0.018518024235033438
ck_2c629c657f73941f,0.15284970658515437
ck_c1c9d3842d758420,0.25883883518519113
ck_e4df7faacdfe8c40,0.08462063379820697
ck_94e8142728e44380,0.15571775070439936
ck_765aaf42c5088545,0.1606911793215098
ck_e0f845159b6e6a4a,0.16824732781384033
ck_5bc07deb82edbad7,0.0201501870004906
ck_713159c5c6a7a4d0,0.9960531398860412
ck_b08afc91d9ca55db,0.19789462731083574
ck_a7bc323ffed2ea97,0.7828110874370934
ck_85ca825f905a34a1,0.2070654737385809
ck_33160c443d4b3f19,0.06578455754478404
ck_832d39c590a3ca75,0.8874593940633252
ck_7d1661a34164406e,0.8774851405455383
ck_c2466fc40fc9d5ed,0.9910759806242355
ck_ed0e776c0926ce67,0.29014260418835586
ck_cdd2ebeec75bfa69,0.6800659774639245
ck_d7877684c7923ec3,0.06882378115154417
ck_7384d4d2406aabf4,0.1566163347361499
ck_b8e5244e650aa81b,0.1496542895207393
ck_25a1ea40b2d59254,0.035019213890438154
ck_b9e5b318ee4de68d,0.02098772022210187
ck_620d7ae27af83cea,0.13365758062640243
ck_40b4e264d1a12b83,0.49437122988247345
ck_b694c803b62862b3,0.06280741887982248
ck_cbeca201dbade3e5,0.11861339179714299
ck_f9b439c9161c3e52,0.21451277422805295
ck_9880410fcd10a28e,0.05771472071455386
ck_74928f5f91aa12b2,0.3027238514225922
ck_b6673bbe61d2680d,0.15607854360768564
ck_53c8315b5c30acb4,0.04269991995250301
ck_78f01d78ea79642f,0.1463609934691454
ck_8582490d6e365a63,0.07880853208839285
ck_af25c72d16299258,0.02375874402323437
ck_7905fe8e257b0449,0.5376816737945856
ck_0d16d9349e4a9e08,0.14184003080164745
ck_31b16b8848584e98,0.08353565743172178
ck_67207e3eecc02d76,0.13142317498231845
ck_e6b95ff91116a592,0.10520840307273276
ck_c08f622bcd6de6e7,0.17579522804824593
ck_f9a68da9e0f0bc85,0.025895908218732985
ck_4072b59388976896,0.09559678528553599
ck_8ec86e853ad52828,0.4328845405210642
ck_4fecb87eaffd5cb5,0.04872605441201235
ck_d6880578428b965e,0.2956628168573004
ck_bfc82b3c1c9f2897,0.8984653858097393
ck_c340644176ca03e7,0.2184839238389445
ck_321e740066fb05c3,0.463256725987425
ck_8929d2eb09872052,0.2931316114620505
ck_205c107cec528414,0.6027782066056243
ck_e76db7d2562f9836,0.11619107755984721
ck_9ede51c8434cff6e,0.15267235046448555
ck_492e4b89c61b7b6c,0.04920781757139987
ck_9385f5a1eeebefcd,0.1708037648902053
ck_ee52c7bf88f952ab,0.17076523473939806
ck_d8116c34302021d7,0.02780016513363125
ck_01645ea51972e99a,0.198268044378078
ck_7b45ed23304a854b,0.08755007207609995
ck_2096d32f3d497ea1,0.28993525606400494
ck_dfbb2056f1ef7d3b,0.07524914204926585
ck_938ce30c864bc7df,0.06392134464240341
ck_ff30dda2c881a4bd,0.8414140357618729
ck_f88c79186a082beb,0.15789133737568867
ck_08c7bb0f9851cb76,0.41834264790866516
ck_2675e7a008e584a7,0.36324007854002355
ck_cbaf8a954281d4e3,0.9611892036481161
ck_8b24eadf6c72b30c,0.8726782621343764
ck_ffc8e3c1377d0706,0.121669363073641
ck_5b59e859bed5b40e,0.19171591132464186
ck_7b61717f172f9317,0.839832737183626
ck_e5c30947b732f661,0.5128166835303141
ck_bc273f3ce79f7e1a,0.04729706625644947
ck_f69e93388b3028cb,0.7623236220505659
ck_3837ad850996ba60,0.13881097668282405
ck_36d78ff3bc033ee5,0.12229202283317901
ck_5e20953547ba4135,0.4216975163871482
ck_258d661e450ac870,0.11836315904769873
ck_1df66f537496ca59,0.27824159220919403
ck_361f535599110201,0.13404246206005346
ck_337e98c69f6e7886,0.03657921737206427
ck_d3d5b2717cfc3913,0.2539752615297486
ck_b1dba768dbe7affe,0.1462342527369884
ck_92d782bd9ce0d1e3,0.11002551051190632
ck_26bd0f8898afc8ba,0.059553505255551205
ck_7916e53daab36745,0.23464710397800448
ck_2caf553b31831a50,0.05991518489929031
ck_c6200734c7f9b2f9,0.8180675436998015
ck_cdc55623cb16e6a9,0.14269837911353797
ck_57849e15b61c43b4,0.049316392016376574
ck_b7af9b2ee0eebbc6,0.18931635662452223
ck_00aa5fc3b3bc66aa,0.10863934059263376
ck_9929723f65636c7f,0.9223639883086103
ck_8f6cce9f69912983,0.13549855946402672
ck_c422ba389ff00781,0.017605259788874804
ck_9ec7f334604a228f,0.13036217782208068
ck_5d01200ba3341462,0.139062049365491
ck_2bf10be403849c9a,0.1278232412539989
ck_6ca018259f70858f,0.17517619022118633
ck_a54dc042ebb7c766,0.4337256332762722
ck_79da63fc100830b5,0.2593601658059375
ck_67ab6f9e05c85085,0.14189638355182735
ck_fa80da579ea9afc0,0.11497600109100366
ck_4339f86c87289222,0.7491467761697966
ck_a2299b4f530be0d6,0.807364430052545
ck_19db0bf788697c2b,0.1085058437522413
ck_fa4211c4d826d830,0.00219464285527649
ck_96100d5e8e051e91,0.10671523152633569
ck_5c3a671883d58b3f,0.023481775476356822
ck_2d9524787cfe1ab3,0.6042337795911241
ck_47ab8e51e5b3a2d8,0.038959180152338214
ck_c924f36bc1bbbaa3,0.0677624668458588
ck_5c58e7f8fd55e26c,0.05174325673680849
ck_a07e7409d6d5aa06,0.12705492279066585
ck_c8413898f5f7cb7d,0.2155634339747162
ck_577c816b41cab002,0.9023528709024429
ck_9f7807ed64cdb728,0.6737731655488035
ck_495d814d6d6d521e,0.037665824723485855
ck_7aa8bc018c2b003b,0.020902925316905602
ck_7c3a6a82f3c3241d,0.05640387175589017
ck_487f7fbc290e4ae2,0.08028884932978794
ck_e556c4d36aadbe03,0.014705896910524681
ck_7e6569a1b2455cb0,0.016657756333655346
ck_de2924955926d046,0.10353274327711463
ck_73d60b4630e3937a,0.03526090960098451
ck_805ee564bd35ef15,0.17578010443667885
ck_0d40961e47797027,0.05105092527957587
ck_f06d00a4f9c87d80,0.024844489451234332
ck_5ef50fb07b6737d5,0.09118885435436082
ck_16541fc15683e21c,0.07829788686902807
ck_09fd43f1b7e2eca2,0.04901716578323806
ck_2a2c336a69b8d68d,0.3635502476902272
ck_2685f38930866af0,0.17422752810304312
ck_298278a9da874437,0.15981079761897451
ck_00bd7803f2530c68,0.1388141914630356
ck_c2b4a1d8c0b6c1cd,0.04714649760635066
ck_2acb54ca20c3af6c,0.40027102629196604
ck_e3d4b6f681c783ab,0.3234396369351501
ck_f90293f1eba5d7b6,0.2691934080391063
ck_e69d27e8965df0be,0.019299722728478404
ck_b7f5d10b427346ad,0.09010513755053465
ck_1ce20e4223a936b1,0.09589228426209986
ck_6b97d1ab90f6bdeb,0.4312787575027802
ck_e30e17db5473c7b2,0.08167656626232479
ck_154c8efb19dee665,0.07753301375490959
ck_6f5bb0c930644cae,0.9997919174009298
ck_9e17699baa83d173,0.036361514798788845
ck_9693b1eb70880205,0.06474218607042928
ck_1e97899875bb427b,0.08909266992850015
ck_558a82590f65df69,0.07056991185294118
ck_18df83242ff3cdbb,0.1912874327790979
ck_80ad4396e1084c68,0.10703139966281008
ck_0a993bc947bab61f,0.17932337741252377
ck_5c2d43ff841632f9,0.03225464861402163
ck_6e4b99fb9725d9fa,0.04917753171787935
ck_e0983999ca26c19e,0.10683545000363567
ck_6573c4947cc8607e,0.2245042927306747
ck_d879d645d6e44207,0.11260737542084125
ck_1375ad9f10688e4a,0.04412683339268981
ck_7501ebbf4e21f160,0.17817034736981696
ck_ca60d61cd4dc3bea,0.05612552453633376
ck_ab9ea095a5c58b4b,0.07357726448416191
ck_23756522b58df5d8,0.016311212714871036
ck_90bc176c43d85fd5,0.5988052151602127
ck_908b663b2dda94ad,0.14304674687191735
ck_4df2fb8e4b649e27,0.10353988860204216
ck_5615c6bbdef05291,0.26058441198300164
ck_b62f3e3185251f71,0.016560208869012792
ck_38d1a22850178f33,0.02833672613323384
ck_5b3ba20c8bb1383b,0.06953008020961148
ck_5576ffc6aaf6f22c,0.029058140820688395
ck_cf7a022178165e56,0.03688259559446599
ck_f2c7a4c50e2ede96,0.07295362596708214
ck_285719c77eadf915,0.014057391969608443
ck_f2aa1b677619ab19,0.10334665288079142
ck_3830c58d841e9e69,0.7585249514002774
ck_32eba3510c8eac5e,0.1230233893099018
ck_8955d7b9030d5eb5,0.1797367416610519
ck_6775e387dace7525,0.14060402671904873
ck_0a0cd7f4be606a93,0.2525695668834281
ck_a9f700eee5d638df,0.2597207943134592
ck_3d7db96995745472,0.13413284850734036
ck_aeed557007d52e9c,0.048306512540961064
ck_79b6a86830156b5a,0.25416511293141
ck_6a1ff9d69466181c,0.9952405343390791
ck_f11b1565f986f5e3,0.14496181084499915
ck_4819327a78615485,0.011471072306185985
ck_3ed9e081959b2f5c,0.1276467874619864
ck_16af4be191c47d3d,0.01887133748964471
ck_25122cc0e8b1a662,0.27666745541946797
ck_509c22828d467ba3,0.25470064914703605
ck_31109c899336348d,0.030453793603460785
ck_c51131e53baa59c7,0.03797934498546353
ck_cf8ecabbc61d3e11,0.050932882776142815
ck_eb6baff0f85ba936,0.12449808432289047
ck_777669e2243204f2,0.943712878028246
ck_ac0ea27e692acdc9,0.16358275932200927
ck_4c6ea04ce8ca9e2c,0.04908737704693475
ck_ca54b32fca7e94cd,0.057453953295315156
ck_4dfd8947f540eb24,0.054704149934126076
ck_95aff1fe27fb24bb,0.12337612351260932
ck_c7550723b90e5615,0.05172000210997919
ck_57b3fee69bdf85e8,0.09624449111071505
ck_f823407ace7ff064,0.3441033133820596
ck_a69084a068bcc8aa,0.59436950366714
ck_c7b17f7b24bef5d7,0.10128460900612941
ck_7c4e588f927c27c8,0.18880891205494285
ck_77fdac602d0c6f95,0.28678948178786995
ck_e963d8525018d072,0.06617471519709214
ck_6e8ebaea8f7bffaf,0.013031651313436957
ck_aa42976a31cb7770,0.05402079549333888
ck_22c862a496008c96,0.9973644900496419
ck_527550dd15f38782,0.315661621972186
ck_b3ab3c210e2c7c19,0.13942724521916644
ck_ed9c56fdb9f45ddc,0.7010584524781602
ck_b53281da70defcfa,0.16651916743118741
ck_03009b721568ee98,0.2512426585327352
ck_3d9afd862b3f4053,0.6352246354113945
ck_ad3c4be96599554a,0.10332058182301392
ck_d1c787c27d50af49,0.1540763289958105
ck_c7a9c7b2eef46a99,0.04999288172557285
ck_53036d3c6c74446c,0.40332932218394507
ck_1b1efbd9c0964c8d,0.11318673369505644
ck_d66f42a269d5c1ed,0.4312722394081527
ck_fefc49a2b8ad993e,0.18064229807864277
ck_8b3b874249adece9,0.0458375092919328
ck_193d9c87ad3f1dad,0.016788461896512796
ck_0c6a50d747593b7b,0.054431454292928796
ck_c830f3830875b47a,0.34884753049932216
ck_79e202f06d8dfe42,0.12136531531895797
ck_5c0fe988b8aa7fcb,0.5798757312317327
ck_a8382d8345f21e1e,0.025634620454117962
ck_8cb20053914692d0,0.30375410539611103
ck_1da2f69023ca4c13,0.021454441009498282
ck_38abb60995114f8f,0.15382100437813775
ck_f5791fd8fd8fd191,0.18197270083683967
ck_a4e6fc391b674335,0.6008744179074385
ck_bd771efb4a7e15d0,0.10691273494859212
ck_38ba4a6b6a292054,0.14212231437923306
ck_f7a07283345a0dce,0.1598061915540421
ck_87dc484baaf5a23a,0.02542762386906527
ck_c84ef83489badbfd,0.23936594676934672
ck_a397cd64ec5d644b,0.051386754572370776
ck_7977135c2ff61e92,0.16090671099700557
ck_52174855b243a8b0,0.15474631891292312
ck_0f35e930d0614613,0.972689032062835
ck_b170a7db522a0d6f,0.05425116835374745
ck_7af748a23775bd54,0.42198627367656394
ck_52f641c9ee6fda70,0.052816787455143455
ck_c3719a30414bbb4d,0.2560949406080575
ck_2baf214ad6bc0dbf,0.17269629384992283
ck_8b39d8aacfdd72b4,0.1538607605665549
ck_d39b0152116203be,0.12784170078569843
ck_ed33f8a937f9c7c8,0.11819633893998385
ck_8ef97b55a5fd6ec9,0.03495430506012723
ck_8247f008a14bd1a2,0.05776330998923053
ck_f0d349d68249d5db,0.03623917225041511
ck_a544e766540861fc,0.13406990312017575
ck_9dfaca4c7c80b10d,0.5658599756020966
ck_7e5401c362b2216a,0.021982921591831073
ck_64ff60c073fdb6db,0.16997632339452828
ck_fc5ea49518e5d637,0.0921081024878754
ck_580f136ced341298,0.028388324405980773
ck_9cbef9bc95449dca,0.16690571183999883
ck_e475a3b8ba870a7e,0.04819769652790421
ck_97e94708bcf43563,0.07494071643798249
ck_13f03ec785cbdae1,0.028145533586864967
ck_152820d8817f478c,0.04190224026136004
ck_d20d4ba60eec9945,0.09876167387678975
ck_5c45968a805132e0,0.15712036927908746
ck_bebea2cf3063fb24,0.17372665671918922
ck_c3c69aefe7ea1d2f,0.18893162266891644
ck_02028b72f26fe855,0.12048073061698755
ck_dfadff70a58a9133,0.028385622348313037
ck_6482ed4491bedcaf,0.08122756744847542
ck_754cd7b4a5ae3f94,0.23273408672304777
ck_3132857aec8485bc,0.029608489585254052
ck_7ce4ca91b8f9f1c1,0.14343699420643544
ck_41938582f4351772,0.07593461519321153
ck_f87d66946252476c,0.6461416252959781
ck_8053f1879a9b4e43,0.0413090272452179
ck_93892e91387f5103,0.12629227316078004
ck_15254db133b28371,0.09066236751044315
ck_d557b9feb241b3ec,0.018037218588487586
ck_71c3a8e4c12c989f,0.08487772479256038
ck_80e3041811033443,0.1736610894402498
ck_3380d60067b4634b,0.15972151916002095
ck_a9c2cdc758df8510,0.2657090668724422
ck_3c0031d7514da17b,0.1556153043845249
ck_18d214b1418be39d,0.05176083611977044
ck_7ce768407fd48321,0.07500787612509552
ck_7a50abd42298133b,0.10871261274639062
ck_2db10f987d137582,0.235501849887146
ck_e077d004cd1d80ae,0.19872997100778966
ck_1cb6dc67f9a321b5,0.37193981289393696
ck_b864f64101149c35,0.3143844606655366
ck_9bedf54df9418e4a,0.091100313070652
ck_c47e32c47f0e6578,0.6160914600380836
ck_71f382d5e338daa3,0.06499901002962313
ck_14b4bf7be6ac2b61,0.36392749164689625
ck_5c87eea1cc07cc92,0.24846110054485876
ck_5f445182829ef342,0.28211814919304773
ck_a5d7311291caaa54,0.03787787905913665
ck_b7df99aecef385e6,0.16196991577610567
ck_3327a0582407068b,0.1594533242772217
ck_08dba09fd7dab896,0.25934858756162743
ck_f4ec334be5266378,0.04507501472925375
ck_240f7f894c5a86e7,0.05998122407442951
ck_a9d994554fc14a02,0.012773517730518881
ck_13648cbd306eee6d,0.09315998823826757
ck_601edf9105b3c321,0.9983210059772123
ck_9527adac182abe57,0.6643511983385225
ck_4e0e80f5cc271bf7,0.029114285702210394
ck_96a89e720176b389,0.27301247904207343
ck_63560eec94b76d2f,0.10907035866643446
ck_c9c99e5b19aeced8,0.031824587043171905
ck_bc32655ee5ed643e,0.0686388715429977
ck_edccb5a93b741744,0.03025100845437873
ck_f786cbc987b70930,0.037788063589097025
ck_0e8f26536ccc8947,0.17414523192928918
ck_b87ef4b98cfcec4c,0.17391463487925743
ck_1a9235812de4b2c1,0.16277420322934774
ck_d1ed88ea4211ba4d,0.0800559632395444
ck_a4ddac49657a4450,0.06325262094041147
ck_d9ffca35188e49d8,0.127903530399789
ck_3db73bbe03c3d240,0.02542557507243505
ck_fffa0622344a36ab,0.08843778479581726
ck_148c28df51bba5e9,0.8647285082829165
ck_076cbc25c8f15fc3,0.9565286070300281
ck_e5ca550b39ed45bf,0.3378029091395163
ck_8dacf3a2061ca17d,0.1784757763789804
ck_2d7394afd61643d0,0.14238828701256515
ck_e42206e91f6a1752,0.11289498003858243
ck_2f4f94827984c426,0.01502253825949355
ck_edfe8e90e8f4366e,0.11420814648835699
ck_646b15f753e5e9c6,0.09411684676574872
ck_66600620149c8799,0.031228154083448135
ck_4ff6fc70bccfba96,0.640143104174982
ck_41af3729590c2484,0.03792205808460543
ck_920a48ba8c583e96,0.017336233315023136
ck_0253b3e7be021306,0.013317812706883274
ck_2ae6949246ea2648,0.0923273663581544
ck_db23a5100f338d72,0.20957368040779534
ck_fcb2a559474c3493,0.1386777754336796
ck_0a4d7acd2a53cbbd,0.07281483502074503
ck_c5d62b2b7a6f3bac,0.9183905257351898
ck_cf59f4fc0ea690b2,0.059692490081204294
ck_837be8126bb19250,0.031782459072878355
ck_58955542edee1adc,0.07040105196483123
ck_1b93381d8eea58d1,0.06179748326522708
ck_97b8e05d62abdc14,0.10282748220075265
ck_71a0d645744302a3,0.09793963445211668
ck_a7b57882ab66b111,0.04799296030909507
ck_65f76421be648549,0.17674985373267238
ck_b53ea8713d32ca7c,0.3379601359397509
ck_991c4c924a1d85ff,0.4708801354444962
ck_8432ccec1a4ec7fd,0.9315850802065442
ck_64c1633297f43788,0.13737684759934168
ck_4291fd9c1161d8e1,0.1825746909328097
ck_5e98ed6391d9f429,0.17243213188236303
ck_c7baebe4549fdbb4,0.18708043418077863
ck_6e67225ba59fa5ae,0.38995553107467823
ck_719602def4d35fe0,0.08574130385990253
ck_bdee7c86f5ebe81f,0.19603445699728275
ck_8de38f8c7f91961f,0.28104754234677853
ck_b0b5bf9254700402,0.056446578869139286
ck_7b55d9bb1a250d4f,0.3537513888924393
ck_3954b7b0fd1d6614,0.08350000410427635
ck_f29471fe7c818d6a,0.12984752159328364
ck_9e65a8a2f587691a,0.08617557872709805
ck_eaec5f1a83b66eb0,0.7729942120311291
ck_004fe0daecbe2c1a,0.07281141147176785
ck_d17653a4a2d4a79e,0.21928452806791043
ck_0dd417fcbf19e424,0.15094711949933748
ck_4c99a6eadea143e2,0.19976172208832116
ck_74d602c907ee9119,0.05730541685745552
ck_1aa87cb62acc0ac6,0.21669674855135404
ck_094974d75e29fb2f,0.4472787219138404
ck_5ef935ac3d4d3332,0.0958729300924311
ck_b26e4ae47c9107ed,0.39134784288620084
ck_396cea6f95186ad2,0.17162396222168216
ck_48446a9e8184c7d4,0.051190588314111746
ck_31e1ede23247d56b,0.18428614772764113
ck_7afefa349b960a3e,0.10160987952988468
ck_f5e02a3432571b20,0.18160706955770706
ck_64eefec062592c43,0.11736114891029502
ck_a1201284122c141f,0.14315870207654918
ck_1b34c420a4c85a95,0.07096635410014394
ck_d637a011332ba67a,0.13256886559922235
ck_99c0004d8b7079f8,0.07612430914931907
ck_948517bad569b40f,0.2703956747443893
ck_a28d6b1601b472a6,0.07065839764628441
ck_a0b4209feb31f5c0,0.9986187264669969
ck_d6d2c1f6dfc455b6,0.60536466456487
ck_3f9e6d356d3dd3cf,0.020120724502843367
ck_d08e00c842b75176,0.102646698564974
ck_bfdd232a7c5f2660,0.2251187488073679
ck_2cdad03ed069438c,0.12935166991342198
ck_42317c3eabd0a285,0.7367917220784349
ck_3eb73e56751c704d,0.04975386297224405
ck_ef33c04f4c9e3758,0.11399134216584263
ck_1dc23dc870f1773d,0.14000522750011943
ck_76091f357974a152,0.1245808162642758
ck_4d9eb75e8eee90fd,0.3547741034142862
ck_578f67e69e5d2cfd,0.026665192678335222
ck_3a8ce1cc724229b8,0.011500659274151366
ck_a96887f841e80fc1,0.21360727928549234
ck_d2d4a8f4a9f2c33f,0.022097941471867583
ck_11f85bc705dbe036,0.19469419023205808
ck_7429b3f87528e335,0.13108785348756524
ck_26df74feac7ec51d,0.1379677202022003
ck_c78b2638fadd91ab,0.1659380753669375
ck_7eaad325abe3b50c,0.027736782907395688
ck_fd44e34af620e606,0.18076173436357695
ck_f99738dff854e25f,0.026943132906074013
ck_1ffbce3a239bb264,0.06571848872434835
ck_96c7d52ba0a766ef,0.39914070043629585
ck_cb1c00c300af3f9e,0.10247529063397041
ck_ec3d12848ced99f2,0.08347874548425427
ck_26cfd7c3c6c7bf69,0.09317206559631165
ck_7ae86b5a885affc3,0.3321169089833033
ck_3edaa94d28cd48ea,0.11550272283566741
ck_3209c530c9812e39,0.09270961783397476
ck_ea62ebfc1f04b49a,0.11356143851973141
ck_5fc90b4668ea81bf,0.1789212403591985
ck_95654593cdebd141,0.009383935215197557
ck_958c0bd61820147f,0.09064667616260094
ck_8440ef1386c07194,0.042804376695745015
ck_8cd1b68dd74b1375,0.656381590621812
ck_c9eb4df91ff07f2c,0.42243274311258
ck_c29489366c01fe65,0.873328687500861
ck_c965fd6bec0f0ecd,0.21026149965497437
ck_84c402b23766e1f2,0.11243306890330158
ck_181f3dae03b87136,0.10879952878575821
ck_022a8ae79eb28cf6,0.9408904220335107
ck_469c17407d17b706,0.11303964604632226
ck_1fcc5843f39148a9,0.05671538095980762
ck_5debd55f361b2ddf,0.03759361162597283
ck_28cb9b03e89263f1,0.0372291642306637
ck_f067470743d3c7a2,0.1684759095974633
ck_d5d225ce41a1a762,0.11649664180646864
ck_15b4840922195ffd,0.11067083206834082
ck_6bcfa37c717f19f1,0.12592287364037796
ck_8d501a0386c66be8,0.7115321912238228
ck_1a9d6190c57ea7e2,0.8200664623859562
ck_c49832eabdac5bb7,0.03132669663529931
ck_b4331140b2e0d4aa,0.05425445470748354
ck_5efbea1befdefe1b,0.5624219324744616
ck_72ff52c4824072ce,0.1596571905156363
ck_ec3715add8bbb6e9,0.030341842299373933
ck_9822f8ed05335741,0.0766909114739245
ck_c3d7d3d12a1981a3,0.06296165305722126
ck_a115a7919ac5875a,0.23196566208092523
ck_4dd4ed23e0b927b7,0.7574099494828169
ck_4c76efcc1ee6762d,0.1429911928759293
ck_3ad6e7bf452c9b21,0.13304394749638793
ck_dcbab304b55a42c7,0.13594151263985418
ck_24b53090faf722cf,0.07471895041527728
ck_187317383400491d,0.08507185619113079
ck_e07fd57565c94c28,0.20489108803875816
ck_740e760fdcd27835,0.10172357632516946
ck_d3796aebda1cfed5,0.9122915704988569
ck_e541967c681cb929,0.34769514478219354
ck_431118050b834dcb,0.0348647960336211
ck_90f3655f0c8a0074,0.021247152535715134
ck_13cd943777651aac,0.13848316913385408
ck_66accecabf3901c0,0.19023394954360281
ck_937f0da2306b2eb9,0.0328192448849205
ck_105b0c93573fd5b7,0.4051913859917725
ck_00480407160e0743,0.043152625316636016
ck_e032068be7b77d15,0.5261192555796971
ck_991b7dfd69098320,0.012328738639429565
ck_37d47cf0f34574a2,0.028734435983126028
ck_011551a596544f5d,0.04822039386137501
ck_9acd98f4fe2d474e,0.5432592037273993
ck_7c88d3d377bb61bb,0.26779382650174205
ck_e2374c7136c964fd,0.2266786315124762
ck_2fa8f2577116e9ca,0.3223113703323398
ck_d07c5b0321c685ea,0.5860469774170446
ck_bc736114a31088a7,0.1290926437411915
ck_32bb42f9bff197f8,0.09965434676340368
ck_66267bbad1f1415f,0.918533333102407
ck_19988702ccd79201,0.15913722360887153
ck_f473a03fbcdbc4b0,0.04488590492482522
ck_e3f1d85fa5d49396,0.11769201163426794
ck_c4402ea6291df271,0.11155547679057325
ck_243bd5ca8c4ae5d0,0.10592625583836543
ck_f271e855925e8d6b,0.5015549818423581
ck_e424148c6f2223df,0.06378022611106628
ck_e4d0a9e1102a58b5,0.0795948478985704
ck_91c2a5fe69b9b1d1,0.11025377069443225
ck_5fd8924732fe403e,0.2543367412987877
ck_9a881d5433126ada,0.03126809806699613
ck_73cab88b29c7845d,0.11820420533525239
ck_5b5dea6476d4e182,0.11260831864858693
ck_ccccb17d2ca6ce94,0.37735216667271543
ck_cd1dc68e441222b1,0.9319550361021973
ck_8312c49b1431a406,0.17400594263536542
ck_25fea39897f2a559,0.13471590859770988
ck_f56200205280bddf,0.2067255774203262
ck_7336611650dcc088,0.016545209984741734
ck_590716322ff147ae,0.19926864836274888
ck_c82364d87875a1a1,0.15895237613126315
ck_fa4b60387d744fc5,0.046213312235373595
ck_d841eba8906e9a15,0.05399631052980292
ck_d6df562a79b9d0d9,0.0758171774865522
ck_59a14d2564193101,0.08563860231701839
ck_8530158e3d7f59e7,0.055998822414814305
ck_ac68d707006c12a8,0.4304571294395871
ck_976fac1bb3dd8c58,0.19130969708133724
ck_f854fba8f4adae3d,0.27072036813056183
ck_b98e9c3ec6e7d1e7,0.10384383004139626
ck_803c0b4cf9d4bc1d,0.13843644106665456
ck_76997a33c3ea5107,0.009381141458525043
ck_f1a9d832b700bda1,0.984866064782266
ck_2bd96ddb8c323d63,0.9985869058348511
ck_9e5b7acf51b1b743,0.3143297068849262
ck_09169f22194fd6aa,0.28731298584910836
ck_6d69e092f9b0848b,0.24269626709764838
ck_9f83fa5a2d3b9049,0.08940929079931947
ck_57bbb19eecb4b87c,0.06538958340179918
ck_e0e9cfabb979f428,0.05386046009828076
ck_b1ff9edc51d42f97,0.04409260048213983
ck_4682fad271d47eb0,0.9498727889234909
ck_ab33fb754c818ae3,0.1666150081347734
ck_b456f62b80e21557,0.02574472564247008
ck_16340be3f2a7fffd,0.017376754907985886
ck_ce66831f6611014c,0.058296402621336896
ck_4610a073bb54d1b1,0.09741648445129102
ck_fd038a7d33a9d6e5,0.04424957386500127
ck_c8198cb4c461304f,0.1850341093443588
ck_1e7de58822000dea,0.02522425957867827
ck_b2a79dd3df560f14,0.16802455209421885
ck_74a06f347b32347f,0.23216883198261654
ck_c6fdb2972417c9bd,0.1135455216508219
ck_d7607a213b800bfb,0.16436542442401292
ck_df65967b8b40319c,0.07550753811805624
ck_329a73dbd585ee09,0.03142555150841992
ck_74991a9e85c3b07d,0.1453924965646436
ck_bb76609b79e0bc9f,0.36792520888398594
ck_f7fc1bd0b9ab1fa4,0.14815563326671866
ck_d111c98b36bdb791,0.10259301274361833
ck_f07e27d125497b66,0.10537890606808761
ck_093e3a7134e11d6b,0.14524420466267413
ck_862c7953bdea48b0,0.11202115116000606
ck_392cf2cdd515c34d,0.05245513994754816
ck_80eb91b0b4001084,0.319553565098305
ck_5923f53b77193a58,0.25409142620807695
ck_8049f5fce32be185,0.9327451556716683
ck_ebc5a2c6cf88e252,0.25802055743964464
ck_9ea5872f14cce338,0.10946681366899365
ck_f7fbc95ebf584379,0.10361887294806289
ck_bafe82c870356706,0.9459339891495087
ck_278b36c5932d9bff,0.07671623635366552
ck_6a892dd5d05c1649,0.028375524214204174
ck_0734fd90b2cabd43,0.130660249822943
ck_9b552204498b6762,0.14402329861798463
ck_f6c909c205767956,0.14660328171726422
ck_32f590e87bc3d715,0.03332442410890204
ck_66a8325f28be7562,0.027804881268571193
ck_b129261da9c3c3c9,0.1289355932884265
ck_a524071c51ddde20,0.08879576576750425
ck_ba576d6d4cb6130b,0.5303854772625299
ck_8d8226520722af78,0.2997615507636538
ck_c5b0f0d4f1655a20,0.14080241364111729
ck_61814ae9b6d8eab1,0.08022191559690353
ck_382ebf136f7fa337,0.5658825698196817
ck_423ff4ede6a9f066,0.09037683396835826
ck_546ad962d04b7de4,0.9987898614196792
ck_9473ea4a01c95f9a,0.29021007397410153
ck_9eb1da8cd35a50ce,0.10113560287084933
ck_de5eaa2cdbcb67ff,0.2560075262343775
ck_537cc97d0398c922,0.5215099707030184
ck_998475a2e4dfad4e,0.07538566765743639
ck_e62eb708d2688fae,0.12547661249115172
ck_ea623358f704daa7,0.3140303273800366
ck_b911a09f328dfd4b,0.015817258969388945
ck_4b3506b624e5193c,0.1696846672180234
ck_448456f96788713b,0.1736703039582527
ck_5d5ef9e75f65d076,0.11409896485291907
ck_3b74512f774a6e5a,0.12138050131907067
ck_a032e8ac1507c6df,0.6618823949754533
ck_7e2d6b22a0ae20c2,0.38220419797093
ck_d80283209c963f11,0.06662886073053234
ck_d1157eade2ac3975,0.13732412963153295
ck_be48f583f79427f7,0.11450554631231324
ck_0027b5d4107d65d8,0.21702943342833755
ck_94fff69584dd3b2a,0.140739230688822
ck_75fcda73f0b43557,0.11594406493106776
ck_a1c78972e4ee4082,0.06413344204546333
ck_f0982bbdbd122f91,0.08151686278238704
ck_3199b471575aeb3a,0.09957405046956147
ck_7fa947a0b1c1cf74,0.2264211307296628
ck_a60c618b7f0e4252,0.07440613881406605
ck_722ac47c8ac9b6c3,0.2928612613044567
ck_d44dc3839a195c8a,0.4722405153522257
ck_a2c3e82fab520483,0.2502689840199136
ck_6f8ae0319c07cafe,0.04059849141685438
ck_49886ff1e2c759d6,0.22382671182069697
ck_150a1108f936e6b0,0.08591200968491608
ck_e21f9f96f597695b,0.07350056524441678
ck_7297bff2b7fdcbc8,0.0113843185137645
ck_ee949c71f4f702eb,0.9285164320759516
ck_6fc37dea4b4f35c6,0.44928502023559874
ck_e76257caa98dc25d,0.9680859933533575
ck_828eef2334e17b3a,0.1025547048491397
ck_604e1b8a8c693aa7,0.05055907080738267
ck_7743c9fe037d1f9e,0.2723234420644255
ck_864a11202e19e812,0.6439869628560139
ck_4ec040b9e3785e4a,0.023343461730012983
ck_7346e4f820d9c00a,0.9137233738112213
ck_48d4d63beb26b623,0.03672216081562239
ck_c423aa6de3ed1e01,0.1183122295268097
ck_d74b2ead8aaa3f73,0.2697258046649359
ck_1dd69a11daa7bf1a,0.07031645341474498
ck_d9143e236eef177f,0.09605693451713962
ck_f790d91e5ff0eccd,0.4479215849279708
ck_69b5620e00ef5dec,0.07329162364751342
ck_cd32e58e8a1c0e85,0.17672196517888944
ck_064013b0957d87a5,0.9943412980191758
ck_a481385c2e60dc4a,0.0863423697797364
ck_d72035cb29db3aa4,0.15697942997554826
ck_3759939a0205306d,0.17495786841650712
ck_f437a53fc832ec95,0.8833636316897813
ck_260ef2f3e6434819,0.3089579864036999
ck_35e411b05d22f663,0.15183577383447677
ck_8bf46e472f3e20de,0.5129579589540826
ck_d546994fc5d3e9d1,0.1271355254666107
ck_6ff0fc7487e737e7,0.6203775619830681
ck_5c67f27816ae0b6f,0.12680996284509988
ck_c5517923458106ae,0.05013525865456258
ck_d9735647a6b0b0a7,0.6897658117927863
ck_541a734fc457246f,0.2102858804998681
ck_2f6a639468f41043,0.05744275556183154
ck_bea2cf7a6b7bb900,0.03756387765885507
ck_7eebd0e6ad6c070e,0.09938995961888335
ck_b64c87d5e3b10e6a,0.9685957476734074
ck_9dd7daacb7833233,0.27084471826077294
ck_396e9ea9a6c6d7d9,0.07513260112704714
ck_1645e6cc53fa99ff,0.13807391607613562
ck_ea2a83ccb8d57490,0.048158499951618486
ck_e64f0df63e1be595,0.2947501222205159
ck_fa0b234481cb57d3,0.18056055997820147
ck_63379e3c9fe6f711,0.34529476845187945
ck_c67f7944896a0310,0.21869497817930653
ck_c10e54c9db29e6ef,0.9876830808367133
ck_7184ad7709ae4c80,0.052615037399436224
ck_f8b6069d7577fde6,0.09715116550221492
ck_18444be153bac1ca,0.9416210979176811
ck_d0982b4e0e118e4d,0.08075883504961404
ck_6faf3e6820398866,0.2717331121460177
ck_97e980463aca4644,0.04003937699724079
ck_630c835243c66b19,0.9043982389675895
ck_fe429ba3e1aa0e4f,0.051942446936459476
ck_1058129ed7b48c59,0.056606867141658336
ck_04a1a46f07885296,0.22717661836099756
ck_f01e94331067edf6,0.06558247116847618
ck_77b2fb17c29f5e72,0.1908549091009273
ck_4f0c5857da45fb28,0.551146250442222
ck_2cfb9a7775e8a5bc,0.9845876017836425
ck_6846100e43659bf3,0.03792180077273706
ck_f89719a854fe11d7,0.15208777363538467
ck_bf47375e41ca3bc0,0.07875213693745611
ck_2770b0400a7bef08,0.5500942475191364
ck_2a09d142de1c77ff,0.09358603219451604
ck_857a1f5547b9ad68,0.15777249882449657
ck_185f15b1523bbcf4,0.06327898689509402
ck_ab2aed614ec1cdf8,0.16794106404070602
ck_a9e7f3b2d5dfd97b,0.19609160538280834
ck_0eeb3d9b3e697edb,0.12536333733612365
ck_fa5830d81bc8ddc1,0.049344477023010064
ck_231ae0329ebc3220,0.4682604140424679
ck_1587763dd54688c9,0.07827312010634335
ck_9f85fea4490c00cf,0.13875370719215624
ck_a2d709e7eb91e4af,0.19388737033887685
ck_43637d28c7216453,0.027936501687317938
ck_f3ab5dd853d38252,0.13162247611344347
ck_4a1f0172d3bf4fd3,0.1036906889139546
ck_517620ca16505af0,0.13956676197751344
ck_9ae904fbef56065c,0.01796963098290631
ck_d5ef1f6e34bb35b8,0.18877565911724142
ck_ff42557857ae3aeb,0.04153988199763041
ck_ad9a18f58589faa7,0.036963510885339106
ck_df1a6edaa3e6b271,0.03801464902850979
ck_99021fe7225b5a68,0.14543654580274265
ck_99e52c3c2530b69e,0.9988692498008784
ck_3a4811dc4a1a891d,0.0446469930108621
ck_ba3a6be026c87079,0.08138564077049175
ck_da6d1e5cf6aba6fd,0.13145017629780084
ck_ddc7c1f3d45fe6e6,0.12901245020835558
ck_e1b1e7a7e4a15b3e,0.0695245590540351
ck_8288f7f226e08b89,0.06304860767428441
ck_c4524993ec31dbe5,0.06579026728352398
ck_8b19bb5b23b6741c,0.12447147926971223
ck_d21b38231a8a9f4a,0.43784247211567506
ck_3f730318a9792292,0.1572357785334388
ck_a4db6e94a8f77f9d,0.20880738238132648
ck_a8cac8d480306839,0.029537717403282825
ck_5472214011fbc2a7,0.05115828873631208
ck_7356f47dbbbe7904,0.019024518484469358
ck_16801e628e883d78,0.06687358328668051
ck_0dc1e536231c4860,0.12484162766209198
ck_7cd0634a6e60af83,0.07633957510588066
ck_ef6f8e048ae1bd4b,0.1248880626781602
ck_82f3f744209888ac,0.18911134994377815
ck_f33188c232a03526,0.6815287490208172
ck_4a59f4e10bf45d7f,0.023098316602502014
ck_d96c893721385e4e,0.004099960323159512
ck_f65ab819373edb37,0.1674882147116909
ck_21cac21fc10b7768,0.08053640553575588
ck_139b54e6ccbdd7da,0.38561546209924147
ck_d6f5c8741697abb3,0.08965664094056797
ck_a28d9bb5590d458f,0.16813655171088393
ck_ed26d906883bea0a,0.12174587565292003
ck_227602ad072b838b,0.01901792942887904
ck_39d5f6c17c745ab1,0.01222196916469106
ck_744eade757ba69b5,0.22178260402526911
ck_c1295d97cdf35ec2,0.12053105363952277
ck_69105f881da3c821,0.12567572601926014
ck_933789b55361d7c1,0.8295127092451371
ck_b667952253503174,0.12764913703229738
ck_7bf668e25abeeb05,0.051252877180123974
ck_91742711dfdffd56,0.18609176941913674
ck_af32a0660090dd68,0.17001489937644487
ck_2122f201e65f76ee,0.14744883246931095
ck_f48acb73a5d6af07,0.12892691002063755
ck_337c5684510cf432,0.289208027673197
ck_f7bde7265053364d,0.11082045705461978
ck_c190c7b924edba75,0.28368483334362626
ck_044fa3b3a003f0b5,0.18679854379938962
ck_87eb43e3b9d96169,0.2804127689428143
ck_2d3d6c9364362017,0.020047220713596166
ck_ac55dc6cbcdf8228,0.0649698135513712
ck_61d7b0568ec5d6cf,0.22838688652852682
ck_89c74feeaffa7d09,0.022643251330108437
ck_93776b0c113f41f0,0.20229656830732115
ck_15e0b679931f7a8d,0.11583242743581089
ck_77b56c49cfdb1d81,0.23822683721932322
ck_73188a826b5f499f,0.0820268444249924
ck_4f463ef25325ddfa,0.39500648715704534
ck_863db2e394dc47d1,0.8809612120196483
ck_d52432ed597f3cc9,0.19517506673401983
ck_04fb61e5739642f8,0.4971395171751837
ck_2e481d75d110c06d,0.20161228767346775
ck_3fa1a523d77cd619,0.08154014154162405
ck_466dc6274fecd708,0.08294665103516866
ck_e1790b3aa2241b10,0.9765066894702995
ck_84ad096a46e1a960,0.09729355941651992
ck_3be72c9c178fa00d,0.1452403512537255
ck_5a17c89219d1d9fe,0.1353279303108841
ck_4f639f4ee6ce8d9e,0.43604079849765065
ck_f4ec4a935e51b4db,0.14437382924122324
ck_f04040a830f92bac,0.09170302902148615
ck_3e4d02a04be2aaf8,0.19534546981546733
ck_4d1baef193cfb900,0.14381073994687038
ck_0fb3153d37626b75,0.11407573510335194
ck_88ec57a11b11f702,0.8603928419877487
ck_dca9dc465f759db4,0.12893618542403856
ck_64f5fba6af67e024,0.14824364369468873
ck_896096cb167254ef,0.1929212578710125
ck_7878679065876b98,0.11312151811329556
ck_fe8e5a6c880ceb4e,0.02634374993515741
ck_a5e036327d3d1862,0.025140168240803007
ck_310f73940fc4cf4f,0.027836144784306436
ck_46a8db16ad00b749,0.22493429642382945
ck_0d33977c3de8cfaf,0.9977153176517036
ck_c6fff412f531db0f,0.021009999998504208
ck_bac6dadf428eaea9,0.1086965016778292
ck_1b96d9af0d7da2d5,0.04211186495066929
ck_fa8a4a9e77799fcc,0.03286580752961903
ck_0bf48607a874b4d1,0.014483455011390258
ck_eeb75f8a6439f65e,0.19093189481221373
ck_a209a5f7d172125e,0.17304665288419088
ck_8f346b72fb40bf14,0.14954243484078894
ck_bccbf9fef367f00f,0.16610125328430256
ck_2d1548f1ee405cc9,0.08315731547129102
ck_e8298ff2dc1e9d50,0.07797290169594456
ck_77c0fb524edb4a94,0.12395762288153594
ck_28ac4c5134cb8e77,0.1985985737246538
ck_db23a0e3e54be60c,0.8078418709203474
ck_a059d00cee5cee99,0.023569774271631767
ck_3e9e3bba8bd363af,0.07343303175890553
ck_0428728df24cdab4,0.35128414831942095
ck_88cd35378075c84f,0.07049690229408624
ck_0174d76398d9dc0f,0.1783158257593025
ck_3f1287e6c27de0dc,0.1056797252167112
ck_ff822700f3605e06,0.9416692623485889
ck_4563227b2038ae07,0.4477505481149657
ck_788e78065526ee19,0.09282204623539275
ck_8a16eb584093b12f,0.026121551875335946
ck_cc276f71ab6c08fd,0.226638243573992
ck_d61d97b21002f3e9,0.26113414455321055
ck_4b2e87d86a5e415c,0.16974336485405037
ck_3e6f35e4500d2f2a,0.04564785679837028
ck_3acdb083e0d8ad61,0.10709452180126335
ck_cd655202db489010,0.029120177409606634
ck_829cbf5ccda481ae,0.11428794215005521
ck_f5882e6f98b8b4cd,0.028235002245834338
ck_767947540b234add,0.08985639761085237
ck_a6e8e8f535b1f1d1,0.5328681191911017
ck_58412a2674fea506,0.10519019345387767
ck_fae7e518a585fa61,0.24722149170009075
ck_9c60ae6958d68dbd,0.4286963682726748
ck_328696b8f5e54ec6,0.23639177917204493
ck_7df3f8f4f1068d62,0.07196968283888304
ck_cfadd21458230ef7,0.08687602563083459
ck_7048bedd554c703b,0.008781566290316485
ck_50422466f145bfd7,0.04617418097111917
ck_61e1f7168cd9ff25,0.142889515149997
ck_733aff0f56f5b3c9,0.21627429525176708
ck_e14892e424180549,0.029370545628168397
ck_03f6664a96de7d0f,0.0916209855166824
ck_b7f4baa2cc82fe61,0.09903656152222746
ck_1e51199a075ca0fa,0.06514282825668856
ck_0e70516fa07cfb17,0.9410826584914667
ck_0f37c554a5057801,0.806096302459562
ck_5576b725de38d106,0.17363714998193203
ck_82f360df1e9f4eb8,0.19927138155438476
ck_395f3bd4aacd7ca6,0.10024307616115147
ck_5e8e857b63966609,0.5809795525410594
ck_93470896f0804b6b,0.9751863792300008
ck_3be854e42e76569a,0.15025381808683358
ck_0567302c57a2417e,0.5550007346495435
ck_ee535461b5f05539,0.4308799264013085
ck_94a096c36162a153,0.10677413842064021
ck_dfc8f5c141fd7c63,0.07231237548647904
ck_98b34f2d704c1c2a,0.12074600639757709
ck_96dff7a09d45f116,0.2224710023638605
ck_79557434c129ba52,0.0856208692217415
ck_4596624a7c01d501,0.09780978670804534
ck_04e89fbd739243fa,0.07011618523095176
ck_6149ffaf18872dc8,0.00903354260013688
ck_cd78f0832a09bd8f,0.8492977705084307
ck_7e29c10d781c3b41,0.13255558642202514
ck_1f7ee7b23fc6f2f4,0.14962338774774453
ck_c49b685d2b3ab89a,0.059842824270431076
ck_84569a8fc50e73ac,0.14604278567045606
ck_b92b11d205af91eb,0.037917236819767844
ck_06280e6d6d2485b0,0.12269132094481176
ck_3c08546dd0c92863,0.1331191690191441
ck_99d3983f907828bf,0.08539826530636664
ck_eccfd552aa652d3c,0.15651190199253118
ck_0cff8153881875ba,0.207761051514677
ck_c1aebbeca6ab5ff9,0.10389911742028388
ck_538fdbbb3c2bcbbb,0.20868907748815696
ck_8c0210322733c718,0.25670078694956155
ck_0b0c93039f987abc,0.06756169554784205
ck_6d07d6d1bd227d37,0.35016165052001275
ck_9b6ee35e8cd0b11c,0.019404311497022386
ck_d838491d3d4f5ecf,0.04176708551703352
ck_0593ae243a9ebee9,0.12381858279868928
ck_ef261fc09be8eb0b,0.056124740468360294
ck_d0935b571a4a3868,0.11545132551518217
ck_97d04a67a104af39,0.13573390325662554
ck_e25f70d0b7229420,0.1587365414075659
ck_9b71274ff83de482,0.904519050267555
ck_6de2aa2bb60978d3,0.13722127026288053
ck_eda55c8fb47593d7,0.08541630783370996
ck_924e572517515f19,0.5339786861301349
ck_d6f27eacbad310f4,0.14461732810927122
ck_8550f229b5eb03ab,0.10524661613902765
ck_e3e95546a84d0ed8,0.1137692444806829
ck_3135c019696ee6af,0.804951840533352
ck_41ba315d8fccb559,0.1731054223288221
ck_72b86e4485da2d0f,0.9923510624583765
ck_daaa995f3c2f0e47,0.22587213642310694
ck_053746067839696b,0.14842719985260144
ck_a15fe7d0f4b65c33,0.6274290446578685
ck_15de11438732bb05,0.09893316892512864
ck_2c4d25acbe3fabd9,0.3905743870153567
ck_7f08078908599bd2,0.18182383838182298
ck_e794741742fb2619,0.17789918667125204
ck_238e53b6dee8c301,0.04183225055411151
ck_53a6a33060d5c8b8,0.04777334977308045
ck_0e0919292ad33472,0.8900982511343528
ck_d86ccf148c06c8c8,0.28902780235472075
ck_c881f26c9bf9ae42,0.8533624861797674
ck_4b0947bf94e9d847,0.23201634202495425
ck_e10ff5c38bd18470,0.1290552167468519
ck_b60de9e97aad9e45,0.8855982276076068
ck_190bc849e5ff5401,0.12480505587925093
ck_e7be077aa0b2632c,0.01705706021818446
ck_a51abde881ebeff3,0.14019022122372202
ck_2208392a9f6bd249,0.06658602005372107
ck_0259da8f109017e9,0.03781750820764276
ck_05e01ab9c95449da,0.16395642702830937
ck_c82897ebffb6ae66,0.07191026417808753
ck_b4a6bb4689cd7cfa,0.170402379886233
ck_9e21ea33018ce538,0.08624244607119512
ck_caa348f0e65db062,0.9511868306091744
ck_a964e6b5d8415334,0.7217148702085402
ck_510bfbbee37ff436,0.1420570636761899
ck_9741a82faf5c7889,0.1986816570535712
ck_e7f61b4a39ba98ac,0.05029742536448167
ck_069d158665a53909,0.21419945068345492
ck_6426427efe3228af,0.1428635814779993
ck_ab4a8d02ec3c0fd7,0.013316544986965913
ck_aefa0d8d933e0eca,0.17940261690199763
ck_232325ef6bce92f1,0.15838408229382683
ck_14e58c3fb26a2b4d,0.14155912414391605
ck_06e73afdec26aecc,0.24987881913552035
ck_3168f4f2778d64e1,0.11268821463009421
ck_ff3998d6858daa21,0.022695155748235166
ck_bccff46fb0868454,0.6296011229509427
ck_c7d444d90fa86d7c,0.5892929215985109
ck_f0bc3bdee6bfbb94,0.1529845616771519
ck_f7112818a6d81422,0.20395899340635945
ck_aca35dbcb835ad02,0.33473852485621736
ck_f637fabf0f60528f,0.1412835848635662
ck_53d17ab97de1ac3e,0.16573301412195304
ck_c8c1bf16d9113493,0.17415320555123784
ck_e842fb0cf055a83b,0.37832374964339277
ck_93c0cb3dac4891fe,0.06603519928070775
ck_0c1f088e17e46daf,0.054314885774887633
ck_8f4b384955bf57c9,0.07078729514377094
ck_09cd5c4df1e81ac2,0.391230462136805
ck_1e832a5b2342554f,0.21768562930232782
ck_2cb763a881aee27f,0.08247990996300075
ck_5875828b11406398,0.14243384640636017
ck_48e84b0cb0b90fa7,0.09572943925865313
ck_833688de8629c5c0,0.019166798211848756
ck_117d78ccd5820f36,0.1604689417269458
ck_668ec61c4c39cae3,0.03967845196769553
ck_73a7794b659d7a34,0.18798147975394588
ck_10f90d879209734f,0.14465573338783577
ck_d1d079913aa158bf,0.032867690186649035
ck_01c631b38e8a9535,0.11455116600079397
ck_f6923088c17a04e2,0.44010548823196755
ck_b447badc9138987d,0.00476110097431105
ck_8b772caed8f1541c,0.1319504150984494
ck_5403c76fe68a08ba,0.750667316974623
ck_3e6833574edf1736,0.13294816702840434
ck_e527fbb9450a4581,0.9267361271461947
ck_cc90e219f1ebf390,0.02525660994790735
